date,weather_code,temperature_2m_mean,apparent_temperature_mean,daylight_duration,precipitation_sum,precipitation_hours,wind_speed_10m_max,shortwave_radiation_sum
2022-01-01 04:00:00+00:00,63.0,9.482917,8.331565,33540.297,17.4,20.0,12.904882,1.61
2022-01-02 04:00:00+00:00,65.0,9.45375,6.7782073,33584.836,17.900003,7.0,26.562046,2.57
2022-01-03 04:00:00+00:00,73.0,-1.29625,-7.6586547,33633.223,1.9000001,7.0,30.855171,1.36
2022-01-04 04:00:00+00:00,1.0,-3.2337496,-8.315642,33685.97,0.0,0.0,21.413193,9.23
2022-01-05 04:00:00+00:00,51.0,1.9287499,-2.1344512,33742.98,0.3,3.0,22.97522,3.19
2022-01-06 04:00:00+00:00,3.0,1.7724999,-2.8813765,33804.098,0.0,0.0,19.813087,8.41
2022-01-07 04:00:00+00:00,75.0,-1.8275,-7.508435,33869.195,9.0,11.0,25.49908,9.17
2022-01-08 04:00:00+00:00,1.0,-5.954582,-11.004313,33938.113,0.0,0.0,20.799152,10.17
2022-01-09 04:00:00+00:00,53.0,0.2725002,-4.564838,34010.723,4.9999995,12.0,24.023088,3.48
2022-01-10 04:00:00+00:00,3.0,-1.48375,-7.6292953,34086.87,0.0,0.0,26.282465,10.02
2022-01-11 04:00:00+00:00,2.0,-7.0899997,-13.453091,34166.418,0.0,0.0,28.001427,10.06
2022-01-12 04:00:00+00:00,1.0,-2.1316664,-7.5884748,34249.22,0.0,0.0,21.986542,8.68
2022-01-13 04:00:00+00:00,3.0,0.85374975,-2.7142124,34335.137,0.0,0.0,10.041354,8.23
2022-01-14 04:00:00+00:00,3.0,1.50375,-4.2220006,34424.023,0.0,0.0,36.388508,8.15
2022-01-15 04:00:00+00:00,3.0,-8.098332,-14.216434,34515.746,0.0,0.0,22.881958,9.86
2022-01-16 04:00:00+00:00,75.0,-6.679583,-12.23232,34610.164,4.6000004,4.0,30.009838,5.32
2022-01-17 04:00:00+00:00,71.0,3.42875,-2.8048515,34707.14,35.799995,12.0,54.010796,4.19
2022-01-18 04:00:00+00:00,3.0,-1.0337499,-7.3270283,34806.54,0.0,0.0,31.404713,8.09
2022-01-19 04:00:00+00:00,3.0,1.6454166,-3.140155,34908.22,0.0,0.0,24.774696,6.88
2022-01-20 04:00:00+00:00,73.0,0.71208316,-4.471128,35012.066,7.1,10.0,23.584808,5.71
2022-01-21 04:00:00+00:00,3.0,-8.1691675,-14.779355,35117.934,0.0,0.0,23.319553,9.61
2022-01-22 04:00:00+00:00,3.0,-6.9441657,-12.283576,35225.7,0.0,0.0,19.803272,11.34
2022-01-23 04:00:00+00:00,71.0,-2.2712502,-7.1942763,35335.63,0.3,2.0,14.386494,9.49
2022-01-24 04:00:00+00:00,71.0,-1.4233333,-5.3882923,35448.83,0.2,2.0,15.111424,7.86
2022-01-25 04:00:00+00:00,3.0,1.4370832,-2.7246711,35565.2,0.0,0.0,17.114204,7.92
2022-01-26 04:00:00+00:00,0.0,-5.30875,-11.115388,35684.555,0.0,0.0,21.566973,11.78
2022-01-27 04:00:00+00:00,3.0,-5.3233337,-10.122676,35806.71,0.0,0.0,18.72346,11.32
2022-01-28 04:00:00+00:00,73.0,-1.2504166,-5.315177,35931.48,2.5000002,13.0,19.586117,4.13
2022-01-29 04:00:00+00:00,75.0,-8.548333,-16.440918,36058.68,18.6,19.0,43.893436,4.92
2022-01-30 04:00:00+00:00,2.0,-10.448334,-16.302156,36188.133,0.0,0.0,29.03752,13.11
2022-01-31 04:00:00+00:00,3.0,-10.792084,-15.568245,36319.67,0.0,0.0,13.392774,12.01
2022-02-01 04:00:00+00:00,3.0,-7.387917,-12.116668,36453.117,0.0,0.0,12.387348,12.99
2022-02-02 04:00:00+00:00,3.0,-1.3129168,-4.7552767,36588.297,0.0,0.0,11.113451,10.68
2022-02-03 04:00:00+00:00,61.0,4.9412494,2.314715,36725.055,12.5,17.0,15.683776,2.38
2022-02-04 04:00:00+00:00,71.0,3.9704173,-0.4738628,36863.23,24.0,22.0,28.988384,2.11
2022-02-05 04:00:00+00:00,71.0,-4.1775002,-10.603895,37002.656,0.4,3.0,27.80403,12.89
2022-02-06 04:00:00+00:00,2.0,-5.5087495,-10.351262,37143.18,0.0,0.0,16.78156,12.04
2022-02-07 04:00:00+00:00,73.0,-0.16291653,-4.1251483,37284.652,4.6000004,14.0,14.417988,2.56
2022-02-08 04:00:00+00:00,61.0,2.5537503,-2.2365665,37426.92,4.2999997,5.0,24.40046,12.95
2022-02-09 04:00:00+00:00,0.0,0.08499988,-4.4197965,37569.844,0.0,0.0,17.555305,13.27
2022-02-10 04:00:00+00:00,51.0,4.1225004,-0.37198344,37713.266,0.1,1.0,32.19938,12.91
2022-02-11 04:00:00+00:00,1.0,4.3725,-0.10603555,37857.055,0.0,0.0,27.219902,13.75
2022-02-12 04:00:00+00:00,3.0,9.797502,4.9632926,38001.51,0.0,0.0,25.44566,11.91
2022-02-13 04:00:00+00:00,73.0,0.037083417,-4.682129,38147.89,5.6999984,18.0,19.353138,3.47
2022-02-14 04:00:00+00:00,3.0,-6.994167,-13.322408,38296.15,0.0,0.0,27.609911,15.26
2022-02-15 04:00:00+00:00,1.0,-5.362917,-10.370039,38446.133,0.0,0.0,13.479583,15.14
2022-02-16 04:00:00+00:00,3.0,0.6516668,-3.9688969,38597.69,0.0,0.0,21.2522,12.31
2022-02-17 04:00:00+00:00,61.0,11.1475,6.596586,38750.668,1.9,2.0,33.3559,9.18
2022-02-18 04:00:00+00:00,63.0,6.7704177,0.9466221,38904.918,12.900001,7.0,44.63129,14.04
2022-02-19 04:00:00+00:00,71.0,-1.5608336,-7.735131,39060.305,0.4,3.0,36.424103,10.18
2022-02-20 04:00:00+00:00,1.0,-2.6525,-8.404389,39216.676,0.0,0.0,25.212852,15.02
2022-02-21 04:00:00+00:00,1.0,2.6516666,-1.4872199,39373.906,0.0,0.0,19.826164,14.94
2022-02-22 04:00:00+00:00,61.0,8.187083,4.809988,39531.85,5.1,10.0,40.66885,6.28
2022-02-23 04:00:00+00:00,51.0,13.2683325,9.704108,39690.37,0.1,1.0,29.69727,10.53
2022-02-24 04:00:00+00:00,3.0,-0.29833338,-5.5906544,39849.348,0.0,0.0,23.507753,6.17
2022-02-25 04:00:00+00:00,73.0,1.0600001,-3.9213905,40008.645,20.0,13.0,30.04221,5.6
2022-02-26 04:00:00+00:00,3.0,-1.9837505,-7.4162693,40168.13,0.0,0.0,28.357855,12.79
2022-02-27 04:00:00+00:00,3.0,1.5245833,-4.325241,40327.688,0.0,0.0,33.151287,16.8
2022-02-28 04:00:00+00:00,3.0,-1.35875,-6.8367295,40487.184,0.0,0.0,22.9724,17.23
2022-03-01 04:00:00+00:00,51.0,1.9454168,-2.4589674,40646.504,0.2,2.0,24.590923,7.43
2022-03-02 04:00:00+00:00,3.0,5.3933334,1.4069306,40805.52,0.0,0.0,17.414474,16.25
2022-03-03 04:00:00+00:00,61.0,3.0433338,-2.5793707,40964.11,3.5000002,5.0,25.488914,17.38
2022-03-04 04:00:00+00:00,1.0,-2.615,-7.5640597,41122.562,0.0,0.0,21.2522,18.2
2022-03-05 04:00:00+00:00,51.0,1.0475,-3.185809,41282.06,0.1,1.0,20.056877,12.09
2022-03-06 04:00:00+00:00,53.0,12.0975,8.93402,41442.582,2.0,8.0,31.569351,8.75
2022-03-07 04:00:00+00:00,63.0,17.422499,14.65601,41604.027,3.6,4.0,38.84832,12.32
2022-03-08 04:00:00+00:00,2.0,5.2704167,-0.4013357,41766.27,0.0,0.0,34.802895,17.95
2022-03-09 04:00:00+00:00,75.0,2.0704167,-2.038558,41929.2,15.4,15.0,19.107151,1.76
2022-03-10 04:00:00+00:00,3.0,2.7620833,-0.43692732,42092.715,0.0,0.0,12.7279215,15.93
2022-03-11 04:00:00+00:00,1.0,4.5224996,0.9036512,42256.69,0.0,0.0,21.980644,18.55
2022-03-12 04:00:00+00:00,75.0,1.2829162,-3.992894,42421.03,15.400001,12.0,37.05902,2.51
2022-03-13 04:00:00+00:00,71.0,-2.2483332,-8.916466,42585.62,0.2,2.0,34.38895,18.77
2022-03-14 04:00:00+00:00,2.0,5.2829165,0.91511345,42750.35,0.0,0.0,21.67786,19.16
2022-03-15 04:00:00+00:00,3.0,9.345418,5.824333,42915.117,0.0,0.0,22.26477,17.03
2022-03-16 04:00:00+00:00,51.0,9.4975,6.904653,43079.81,0.1,1.0,19.803272,19.36
2022-03-17 04:00:00+00:00,61.0,8.0475,5.784905,43244.324,6.6,13.0,18.581022,5.64
2022-03-18 04:00:00+00:00,3.0,11.7266655,10.5110235,43408.55,0.0,0.0,16.92383,18.2
2022-03-19 04:00:00+00:00,63.0,12.501667,10.970323,43572.387,3.3,2.0,18.837322,13.2
2022-03-20 04:00:00+00:00,51.0,10.953751,6.9982047,43735.727,0.1,1.0,28.820242,11.55
2022-03-21 04:00:00+00:00,3.0,9.751667,4.659123,43898.457,0.0,0.0,30.282827,19.72
2022-03-22 04:00:00+00:00,2.0,8.395417,3.5913734,44060.465,0.0,0.0,24.344624,19.89
2022-03-23 04:00:00+00:00,61.0,4.693333,-0.0028919678,44221.656,3.0,3.0,20.94507,11.63
2022-03-24 04:00:00+00:00,63.0,7.0475006,3.0618026,44382.273,23.100002,15.0,26.36616,5.7
2022-03-25 04:00:00+00:00,63.0,9.835,6.474537,44543.43,6.1000004,4.0,29.337238,17.09
2022-03-26 04:00:00+00:00,73.0,7.882917,3.813074,44705.11,5.8,6.0,20.49156,13.87
2022-03-27 04:00:00+00:00,51.0,3.9495833,-2.062088,44867.223,0.3,3.0,26.959166,13.47
2022-03-28 04:00:00+00:00,71.0,-2.6420834,-10.239436,45029.664,0.1,1.0,32.26572,19.02
2022-03-29 04:00:00+00:00,3.0,-0.9066668,-7.4188485,45192.324,0.0,0.0,30.58517,20.97
2022-03-30 04:00:00+00:00,3.0,1.3954166,-3.0471306,45355.12,0.0,0.0,18.03237,12.99
2022-03-31 04:00:00+00:00,63.0,13.253749,9.942517,45517.945,5.0,4.0,36.258274,8.86
2022-04-01 04:00:00+00:00,55.0,10.81,6.756897,45680.69,1.9000001,6.0,34.62369,13.41
2022-04-02 04:00:00+00:00,1.0,5.7641664,1.169581,45843.26,0.0,0.0,28.236486,23.14
2022-04-03 04:00:00+00:00,61.0,5.7620835,2.6974208,46005.55,3.4999998,6.0,22.66857,7.94
2022-04-04 04:00:00+00:00,51.0,7.26625,2.5899389,46167.453,0.1,1.0,24.993437,17.51
2022-04-05 04:00:00+00:00,53.0,6.595417,3.5733387,46328.863,1.9,3.0,17.174677,9.97
2022-04-06 04:00:00+00:00,63.0,8.824584,4.840159,46489.676,19.9,14.0,33.626774,8.34
2022-04-07 04:00:00+00:00,65.0,8.580833,4.7255597,46649.773,58.2,15.0,38.6208,3.59
2022-04-08 04:00:00+00:00,65.0,11.682918,8.34519,46809.05,13.800001,4.0,22.38378,22.76
2022-04-09 04:00:00+00:00,61.0,9.160002,6.1801915,46967.395,5.5999994,13.0,22.127556,19.61
2022-04-10 04:00:00+00:00,3.0,7.15375,1.5752449,47124.69,0.0,0.0,31.160282,16.33
2022-04-11 04:00:00+00:00,3.0,7.44125,3.785324,47280.816,0.0,0.0,19.386593,23.95
2022-04-12 04:00:00+00:00,55.0,12.69125,10.306409,47435.66,1.6,3.0,19.681828,17.78
2022-04-13 04:00:00+00:00,3.0,13.249583,11.794551,47589.457,0.0,0.0,18.58451,20.09
2022-04-14 04:00:00+00:00,51.0,19.82875,18.719524,47743.258,0.1,1.0,27.14123,20.46
2022-04-15 04:00:00+00:00,51.0,13.724583,9.820106,47897.062,0.1,1.0,27.345785,25.43
2022-04-16 04:00:00+00:00,61.0,13.9725,9.996287,48050.754,4.1,6.0,25.982424,15.61
2022-04-17 04:00:00+00:00,51.0,7.1975,2.294904,48204.24,0.6,2.0,30.978828,23.15
2022-04-18 04:00:00+00:00,63.0,5.8662496,1.3714818,48357.402,7.0,5.0,30.173496,15.84
2022-04-19 04:00:00+00:00,63.0,7.901666,1.6642882,48510.14,27.6,9.0,42.530308,20.13
2022-04-20 04:00:00+00:00,1.0,8.295417,3.7707546,48662.332,0.0,0.0,26.649727,26.06
2022-04-21 04:00:00+00:00,51.0,9.291249,5.8956184,48813.88,0.3,1.0,34.177254,16.13
2022-04-22 04:00:00+00:00,1.0,13.25375,10.125257,48964.652,0.0,0.0,22.26477,26.18
2022-04-23 04:00:00+00:00,3.0,10.145419,7.323538,49114.543,0.0,0.0,14.168641,16.29
2022-04-24 04:00:00+00:00,2.0,10.768333,7.751168,49263.43,0.0,0.0,25.41763,23.81
2022-04-25 04:00:00+00:00,3.0,10.064166,6.8651795,49411.188,0.0,0.0,22.406927,22.2
2022-04-26 04:00:00+00:00,61.0,12.774585,11.836021,49557.688,4.1000004,11.0,12.538134,7.29
2022-04-27 04:00:00+00:00,53.0,9.874582,4.557051,49702.81,0.8,1.0,31.796375,20.74
2022-04-28 04:00:00+00:00,3.0,7.3954167,1.0870364,49846.414,0.0,0.0,34.679794,26.88
2022-04-29 04:00:00+00:00,0.0,9.168334,3.4503944,49988.37,0.0,0.0,28.394392,28.31
2022-04-30 04:00:00+00:00,1.0,10.830833,6.875232,50128.547,0.0,0.0,20.140705,28.03
2022-05-01 04:00:00+00:00,53.0,11.532917,8.976439,50266.793,1.0,2.0,17.87718,25.24
2022-05-02 04:00:00+00:00,61.0,11.939164,10.253447,50402.977,2.7999997,10.0,16.516901,8.16
2022-05-03 04:00:00+00:00,3.0,11.493332,9.379975,50537.293,0.0,0.0,22.66857,21.64
2022-05-04 04:00:00+00:00,61.0,13.3475,12.276013,50670.742,5.2999997,9.0,18.079027,12.54
2022-05-05 04:00:00+00:00,3.0,15.784999,14.733308,50803.29,0.0,0.0,17.64,26.09
2022-05-06 04:00:00+00:00,63.0,12.274583,11.129696,50934.83,21.7,17.0,13.708391,4.35
2022-05-07 04:00:00+00:00,63.0,8.549584,3.8209636,51065.24,28.600004,23.0,32.978832,3.26
2022-05-08 04:00:00+00:00,53.0,9.522501,4.008412,51194.402,2.4,8.0,30.421598,11.34
2022-05-09 04:00:00+00:00,3.0,12.089166,7.369908,51322.203,0.0,0.0,24.379204,28.67
2022-05-10 04:00:00+00:00,2.0,13.701667,8.941843,51448.516,0.0,0.0,24.149532,27.57
2022-05-11 04:00:00+00:00,3.0,14.4870825,11.347546,51573.21,0.0,0.0,23.277834,20.76
2022-05-12 04:00:00+00:00,3.0,15.26625,14.731912,51696.16,0.0,0.0,16.09969,14.17
2022-05-13 04:00:00+00:00,51.0,16.255835,16.562624,51817.234,1.8000002,11.0,14.05845,8.81
2022-05-14 04:00:00+00:00,61.0,16.44333,17.301516,51936.305,7.0,13.0,15.7908325,10.04
2022-05-15 04:00:00+00:00,53.0,17.843332,18.728582,52053.234,1.0,3.0,20.969805,19.31
2022-05-16 04:00:00+00:00,63.0,18.953749,19.573439,52167.88,6.9000006,6.0,24.884306,19.35
2022-05-17 04:00:00+00:00,1.0,17.670416,14.677794,52280.105,0.0,0.0,32.47192,26.27
2022-05-18 04:00:00+00:00,3.0,16.185,13.784181,52389.77,0.0,0.0,18.171976,26.94
2022-05-19 04:00:00+00:00,63.0,15.514164,14.873344,52496.72,14.1,11.0,13.32,13.37
2022-05-20 04:00:00+00:00,63.0,16.301664,16.145426,52600.824,5.7999997,3.0,22.288042,20.47
2022-05-21 04:00:00+00:00,3.0,23.007917,25.780226,52701.92,0.0,0.0,20.771093,26.52
2022-05-22 04:00:00+00:00,55.0,25.149582,27.160591,52799.87,1.1,1.0,18.919704,25.13
2022-05-23 04:00:00+00:00,3.0,19.095415,16.889381,52894.79,0.0,0.0,22.59699,26.84
2022-05-24 04:00:00+00:00,51.0,15.9245825,14.511284,52987.453,0.1,1.0,19.513195,16.46
2022-05-25 04:00:00+00:00,3.0,14.4975,13.073054,53077.83,0.0,0.0,19.08,24.3
2022-05-26 04:00:00+00:00,3.0,15.578751,14.4184,53165.832,0.0,0.0,25.38702,23.93
2022-05-27 04:00:00+00:00,63.0,19.543333,20.279541,53251.367,12.299999,10.0,23.598541,13.86
2022-05-28 04:00:00+00:00,61.0,20.19333,21.13209,53334.336,6.7999997,11.0,21.26744,19.24
2022-05-29 04:00:00+00:00,3.0,19.170416,19.210138,53414.645,0.0,0.0,17.581125,23.9
2022-05-30 04:00:00+00:00,2.0,21.97458,23.090141,53492.203,0.0,0.0,24.703976,27.61
2022-05-31 04:00:00+00:00,1.0,26.974585,28.314955,53566.91,0.0,0.0,17.072504,27.42
2022-06-01 04:00:00+00:00,63.0,18.043333,17.910604,53638.67,8.799999,4.0,19.08,22.99
2022-06-02 04:00:00+00:00,61.0,20.60583,22.296486,53707.39,7.5000005,8.0,13.698934,18.09
2022-06-03 04:00:00+00:00,55.0,20.55375,21.840446,53772.965,2.2,7.0,19.353138,21.48
2022-06-04 04:00:00+00:00,0.0,19.909998,19.799765,53835.3,0.0,0.0,23.068108,28.48
2022-06-05 04:00:00+00:00,1.0,18.445415,17.498947,53894.305,0.0,0.0,19.110542,29.4
2022-06-06 04:00:00+00:00,1.0,19.757914,18.59238,53949.887,0.0,0.0,23.452555,28.27
2022-06-07 04:00:00+00:00,53.0,19.734997,18.184813,54001.938,0.90000004,4.0,34.152596,20.77
2022-06-08 04:00:00+00:00,51.0,22.784996,23.797148,54050.367,0.4,4.0,22.3229,27.78
2022-06-09 04:00:00+00:00,63.0,22.728746,22.487547,54095.08,9.400001,10.0,29.16,24.07
2022-06-10 04:00:00+00:00,3.0,20.40583,19.433084,54135.99,0.0,0.0,23.557316,27.45
2022-06-11 04:00:00+00:00,51.0,20.159998,20.070978,54172.992,0.8,4.0,11.183201,15.21
2022-06-12 04:00:00+00:00,61.0,18.985,19.474808,54206.105,8.3,12.0,24.546085,13.01
2022-06-13 04:00:00+00:00,55.0,22.968328,25.296364,54235.61,4.6,9.0,15.546833,23.85
2022-06-14 04:00:00+00:00,3.0,22.416252,22.427622,54261.504,0.0,0.0,23.664352,23.18
2022-06-15 04:00:00+00:00,2.0,21.326664,21.55128,54283.8,0.0,0.0,27.598173,27.42
2022-06-16 04:00:00+00:00,63.0,19.920416,19.62163,54302.484,13.1,5.0,30.018473,15.9
2022-06-17 04:00:00+00:00,3.0,25.055832,25.051033,54317.555,0.0,0.0,31.259941,25.2
2022-06-18 04:00:00+00:00,3.0,19.10583,15.474017,54329.016,0.0,0.0,31.853388,23.22
2022-06-19 04:00:00+00:00,2.0,17.374582,13.07418,54336.86,0.0,0.0,32.52177,27.69
2022-06-20 04:00:00+00:00,1.0,19.593332,17.413502,54341.1,0.0,0.0,18.947083,27.82
2022-06-21 04:00:00+00:00,53.0,19.939165,19.277063,54341.74,2.1,3.0,13.493999,14.42
2022-06-22 04:00:00+00:00,53.0,18.437078,17.884695,54338.777,2.7000003,11.0,25.501621,13.95
2022-06-23 04:00:00+00:00,51.0,19.105831,19.25965,54332.223,1.0000001,5.0,17.429354,17.79
2022-06-24 04:00:00+00:00,51.0,20.647497,21.941622,54322.094,0.6,5.0,21.313093,25.2
2022-06-25 04:00:00+00:00,0.0,24.189165,25.77787,54308.4,0.0,0.0,23.266697,28.45
2022-06-26 04:00:00+00:00,1.0,24.71,25.008013,54291.145,0.0,0.0,32.44996,26.36
2022-06-27 04:00:00+00:00,61.0,23.566252,24.86332,54270.35,8.500001,10.0,23.966375,12.24
2022-06-28 04:00:00+00:00,51.0,22.26625,21.794374,54246.04,0.2,1.0,15.978486,27.78
2022-06-29 04:00:00+00:00,1.0,22.63083,22.802855,54218.215,0.0,0.0,29.655787,27.76
2022-06-30 04:00:00+00:00,1.0,24.076666,24.473688,54186.91,0.0,0.0,23.039999,28.16
2022-07-01 04:00:00+00:00,2.0,26.334997,27.718933,54152.145,0.0,0.0,33.948975,25.23
2022-07-02 04:00:00+00:00,63.0,25.645416,27.821274,54113.805,14.6,7.0,20.929596,17.22
2022-07-03 04:00:00+00:00,51.0,25.43083,26.857803,54071.55,0.1,1.0,16.992609,22.95
2022-07-04 04:00:00+00:00,1.0,23.9975,23.302551,54025.445,0.0,0.0,19.083395,28.3
2022-07-05 04:00:00+00:00,51.0,24.126665,24.309982,53975.6,0.90000004,5.0,32.52177,19.05
2022-07-06 04:00:00+00:00,51.0,26.557915,27.853342,53922.12,0.1,1.0,21.370783,23.29
2022-07-07 04:00:00+00:00,3.0,23.653742,24.067938,53865.105,0.0,0.0,23.740902,16.98
2022-07-08 04:00:00+00:00,51.0,23.426668,25.841888,53804.656,1.4000001,8.0,16.981165,21.26
2022-07-09 04:00:00+00:00,3.0,24.114164,25.162888,53740.88,0.0,0.0,24.248613,24.89
2022-07-10 04:00:00+00:00,1.0,22.551664,22.238451,53673.887,0.0,0.0,23.157824,28.63
2022-07-11 04:00:00+00:00,0.0,22.437086,22.062965,53603.78,0.0,0.0,35.230373,27.19
2022-07-12 04:00:00+00:00,51.0,26.21,26.576408,53530.664,0.6,2.0,36.233242,24.43
2022-07-13 04:00:00+00:00,3.0,26.643332,27.955383,53454.645,0.0,0.0,30.009838,25.08
2022-07-14 04:00:00+00:00,51.0,26.224579,27.867964,53375.83,0.3,1.0,20.833395,23.3
2022-07-15 04:00:00+00:00,51.0,24.305834,24.71131,53294.316,0.1,1.0,20.140705,22.66
2022-07-16 04:00:00+00:00,63.0,23.343332,25.993032,53210.22,13.1,9.0,17.727943,19.43
2022-07-17 04:00:00+00:00,53.0,23.989166,26.828896,53123.633,1.0,5.0,19.201874,20.8
2022-07-18 04:00:00+00:00,63.0,25.049583,27.975044,53034.66,13.0,11.0,24.696102,14.55
2022-07-19 04:00:00+00:00,1.0,26.957916,28.714996,52943.402,0.0,0.0,22.238562,26.05
2022-07-20 04:00:00+00:00,0.0,28.072496,30.60423,52849.965,0.0,0.0,20.65848,25.3
2022-07-21 04:00:00+00:00,63.0,28.53708,31.346489,52754.44,2.6,2.0,25.233404,22.14
2022-07-22 04:00:00+00:00,1.0,27.420416,29.721716,52656.65,0.0,0.0,28.948118,24.6
2022-07-23 04:00:00+00:00,1.0,28.051666,30.664858,52555.785,0.0,0.0,25.38702,27.2
2022-07-24 04:00:00+00:00,2.0,29.818336,31.068565,52451.93,0.0,0.0,29.237675,24.58
2022-07-25 04:00:00+00:00,65.0,27.155832,29.686096,52345.24,24.0,5.0,25.455843,15.3
2022-07-26 04:00:00+00:00,51.0,24.620415,25.06626,52235.85,0.1,1.0,21.096123,20.35
2022-07-27 04:00:00+00:00,3.0,23.676666,24.94501,52123.918,0.0,0.0,20.163212,22.21
2022-07-28 04:00:00+00:00,53.0,25.920416,29.146135,52009.582,1.3,3.0,25.14852,21.11
2022-07-29 04:00:00+00:00,51.0,26.359999,28.156431,51892.99,0.4,2.0,18.335276,12.93
2022-07-30 04:00:00+00:00,53.0,26.299582,26.771353,51774.27,0.8,2.0,22.039528,25.69
2022-07-31 04:00:00+00:00,3.0,24.251665,25.577662,51653.562,0.0,0.0,20.00512,20.78
2022-08-01 04:00:00+00:00,63.0,23.243334,25.265295,51531.016,7.399999,10.0,22.3229,13.79
2022-08-02 04:00:00+00:00,2.0,26.755836,29.300278,51406.746,0.0,0.0,16.87398,23.82
2022-08-03 04:00:00+00:00,1.0,25.495417,27.341105,51280.887,0.0,0.0,22.206486,26.63
2022-08-04 04:00:00+00:00,1.0,27.00583,29.198946,51153.574,0.0,0.0,29.317352,24.58
2022-08-05 04:00:00+00:00,51.0,27.849577,30.843285,51024.918,0.4,1.0,14.003029,17.51
2022-08-06 04:00:00+00:00,53.0,27.643333,30.447084,50895.06,1.2,4.0,27.219902,22.35
2022-08-07 04:00:00+00:00,63.0,28.170418,30.88365,50764.098,5.0999994,8.0,27.381308,20.8
2022-08-08 04:00:00+00:00,51.0,29.453749,31.882792,50632.164,0.70000005,2.0,24.014996,22.69
2022-08-09 04:00:00+00:00,63.0,29.966248,33.524384,50499.363,7.1,4.0,19.64228,20.93
2022-08-10 04:00:00+00:00,51.0,26.255829,28.517965,50365.82,0.1,1.0,23.683512,18.82
2022-08-11 04:00:00+00:00,53.0,26.251665,28.68485,50231.3,0.8,1.0,13.479583,20.64
2022-08-12 04:00:00+00:00,3.0,24.96208,23.567263,50094.832,0.0,0.0,23.469128,24.17
2022-08-13 04:00:00+00:00,1.0,21.962082,20.280996,49956.457,0.0,0.0,22.206486,25.3
2022-08-14 04:00:00+00:00,1.0,21.997496,21.424225,49816.32,0.0,0.0,24.858253,22.33
2022-08-15 04:00:00+00:00,51.0,22.451666,22.79732,49674.55,0.1,1.0,16.981165,21.44
2022-08-16 04:00:00+00:00,2.0,22.6225,22.648392,49531.285,0.0,0.0,26.064596,22.99
2022-08-17 04:00:00+00:00,51.0,22.418333,22.64612,49386.637,0.2,1.0,19.602652,15.67
2022-08-18 04:00:00+00:00,51.0,23.689163,23.911707,49240.742,0.1,1.0,16.75064,22.16
2022-08-19 04:00:00+00:00,1.0,24.407915,24.492065,49093.715,0.0,0.0,28.006058,21.53
2022-08-20 04:00:00+00:00,51.0,25.743332,27.119316,48945.684,0.3,1.0,22.206486,21.36
2022-08-21 04:00:00+00:00,3.0,23.895416,25.926493,48796.754,0.0,0.0,22.180206,17.12
2022-08-22 04:00:00+00:00,63.0,22.745413,25.646807,48647.05,17.800001,20.0,15.94601,12.12
2022-08-23 04:00:00+00:00,63.0,23.964167,26.69719,48496.684,5.7999997,4.0,15.596767,21.85
2022-08-24 04:00:00+00:00,1.0,25.045416,26.206732,48345.754,0.0,0.0,13.551501,22.6
2022-08-25 04:00:00+00:00,1.0,25.299582,26.418146,48194.383,0.0,0.0,20.5484,22.93
2022-08-26 04:00:00+00:00,65.0,24.562086,26.729082,48042.668,16.500002,6.0,20.724247,18.76
2022-08-27 04:00:00+00:00,1.0,24.876663,27.033546,47890.715,0.0,0.0,13.684735,21.06
2022-08-28 04:00:00+00:00,51.0,23.737082,25.947838,47738.63,1.3000001,7.0,19.346441,15.48
2022-08-29 04:00:00+00:00,51.0,24.505829,27.372252,47586.5,0.2,2.0,25.501621,19.67
2022-08-30 04:00:00+00:00,53.0,25.159996,27.678122,47434.44,1.6999999,3.0,29.714724,19.74
2022-08-31 04:00:00+00:00,53.0,24.222502,24.55411,47282.207,0.6,2.0,22.86496,21.52
2022-09-01 04:00:00+00:00,1.0,24.043333,22.627821,47128.793,0.0,0.0,19.523155,23.27
2022-09-02 04:00:00+00:00,1.0,20.285,19.932808,46974.23,0.0,0.0,15.629971,23.03
2022-09-03 04:00:00+00:00,2.0,21.780832,22.95758,46818.62,0.0,0.0,18.35647,19.76
2022-09-04 04:00:00+00:00,53.0,24.197496,26.683771,46662.082,1.3,6.0,12.620554,16.82
2022-09-05 04:00:00+00:00,63.0,24.135,27.244505,46504.715,5.2000003,8.0,20.037485,15.08
2022-09-06 04:00:00+00:00,63.0,21.295414,23.364084,46346.617,31.800001,21.0,22.461807,4.52
2022-09-07 04:00:00+00:00,55.0,20.2725,20.372717,46187.906,2.3,8.0,22.322903,7.98
2022-09-08 04:00:00+00:00,51.0,20.541248,21.029741,46028.67,0.1,1.0,17.10284,13.42
2022-09-09 04:00:00+00:00,0.0,20.495417,21.08904,45869.016,0.0,0.0,11.620809,22.09
2022-09-10 04:00:00+00:00,1.0,21.166248,22.104586,45709.035,0.0,0.0,14.707222,21.48
2022-09-11 04:00:00+00:00,61.0,20.801664,22.66947,45548.832,15.499999,13.0,13.392774,6.33
2022-09-12 04:00:00+00:00,63.0,22.937082,25.65882,45388.5,10.200001,8.0,15.5843,14.64
2022-09-13 04:00:00+00:00,61.0,22.562082,24.792885,45228.133,6.8999996,15.0,18.03237,13.29
2022-09-14 04:00:00+00:00,2.0,20.720415,20.354141,45067.83,0.0,0.0,19.694992,20.23
2022-09-15 04:00:00+00:00,1.0,18.997498,17.701153,44907.67,0.0,0.0,18.892282,21.45
2022-09-16 04:00:00+00:00,1.0,17.69333,17.014845,44747.766,0.0,0.0,12.245293,21.13
2022-09-17 04:00:00+00:00,3.0,19.370413,19.45992,44588.203,0.0,0.0,17.447933,18.74
2022-09-18 04:00:00+00:00,1.0,22.455832,22.539352,44429.066,0.0,0.0,20.68356,19.65
2022-09-19 04:00:00+00:00,55.0,23.14125,23.65692,44270.457,1.8,3.0,23.933908,17.28
2022-09-20 04:00:00+00:00,1.0,21.376663,21.570032,44112.113,0.0,0.0,19.64228,16.34
2022-09-21 04:00:00+00:00,1.0,20.353748,20.717377,43953.01,0.0,0.0,20.49156,18.9
2022-09-22 04:00:00+00:00,63.0,19.64958,18.760418,43793.164,7.5000005,6.0,26.932714,6.61
2022-09-23 04:00:00+00:00,0.0,13.12875,8.182754,43632.67,0.0,0.0,32.47591,20.09
2022-09-24 04:00:00+00:00,1.0,14.207915,11.455878,43471.64,0.0,0.0,19.083395,17.77
2022-09-25 04:00:00+00:00,61.0,17.09125,16.139694,43310.168,2.4,3.0,22.7057,10.03
2022-09-26 04:00:00+00:00,2.0,18.099585,16.135933,43148.355,0.0,0.0,26.072052,17.54
2022-09-27 04:00:00+00:00,3.0,16.797497,14.3616705,42986.312,0.0,0.0,21.533897,17.1
2022-09-28 04:00:00+00:00,3.0,15.662083,13.2689295,42824.133,0.0,0.0,19.008545,15.26
2022-09-29 04:00:00+00:00,1.0,15.11625,12.258415,42661.918,0.0,0.0,20.870687,18.12
2022-09-30 04:00:00+00:00,51.0,13.720416,11.059422,42499.77,0.1,1.0,17.399586,10.36
2022-10-01 04:00:00+00:00,65.0,14.31625,11.483444,42337.79,21.7,15.0,32.271744,6.13
2022-10-02 04:00:00+00:00,63.0,12.874584,8.330529,42176.082,12.599999,12.0,32.056175,2.43
2022-10-03 04:00:00+00:00,63.0,10.191252,5.311153,42014.742,18.6,15.0,30.344818,3.33
2022-10-04 04:00:00+00:00,65.0,10.491251,6.216315,41853.887,187.19998,24.0,31.875755,3.03
2022-10-05 04:00:00+00:00,63.0,13.812081,11.59677,41693.605,7.6999993,9.0,28.694056,5.44
2022-10-06 04:00:00+00:00,1.0,15.749579,15.108006,41534.02,0.0,0.0,12.10157,17.19
2022-10-07 04:00:00+00:00,51.0,17.155828,16.268236,41375.223,0.2,1.0,17.015474,16.13
2022-10-08 04:00:00+00:00,53.0,11.574584,8.13419,41217.332,0.5,1.0,21.096123,13.9
2022-10-09 04:00:00+00:00,1.0,10.645416,7.537091,41060.445,0.0,0.0,19.602652,16.79
2022-10-10 04:00:00+00:00,2.0,12.953752,10.542611,40904.31,0.0,0.0,18.289274,15.34
2022-10-11 04:00:00+00:00,0.0,13.143333,11.668961,40747.77,0.0,0.0,15.042659,16.18
2022-10-12 04:00:00+00:00,3.0,14.07875,12.159836,40590.86,0.0,0.0,25.478743,16.11
2022-10-13 04:00:00+00:00,61.0,17.164167,16.356142,40433.69,5.6,9.0,28.174458,6.0
2022-10-14 04:00:00+00:00,63.0,13.853749,11.5874405,40276.38,8.5,3.0,24.079666,12.7
2022-10-15 04:00:00+00:00,0.0,13.376667,11.251302,40119.05,0.0,0.0,25.318008,15.74
2022-10-16 04:00:00+00:00,3.0,12.918332,11.313748,39961.82,0.0,0.0,13.684735,12.91
2022-10-17 04:00:00+00:00,55.0,14.541248,13.456296,39804.805,4.0999994,11.0,18.0,9.92
2022-10-18 04:00:00+00:00,51.0,10.52875,7.090906,39648.137,0.70000005,4.0,17.906157,14.89
2022-10-19 04:00:00+00:00,2.0,8.189167,3.9571588,39491.934,0.0,0.0,27.0,12.58
2022-10-20 04:00:00+00:00,0.0,9.453752,5.127563,39336.324,0.0,0.0,26.42753,15.3
2022-10-21 04:00:00+00:00,0.0,10.491251,8.037015,39181.44,0.0,0.0,11.4862,15.02
2022-10-22 04:00:00+00:00,1.0,11.426667,9.597798,39027.406,0.0,0.0,11.726277,14.43
2022-10-23 04:00:00+00:00,63.0,12.685,10.477896,38874.363,17.599998,11.0,20.799152,4.13
2022-10-24 04:00:00+00:00,63.0,13.957916,12.554059,38722.44,12.100003,18.0,20.799152,3.59
2022-10-25 04:00:00+00:00,53.0,17.4975,18.701532,38571.78,2.6,8.0,12.904882,5.95
2022-10-26 04:00:00+00:00,51.0,18.118332,19.22845,38422.527,0.4,3.0,16.215992,7.47
2022-10-27 04:00:00+00:00,0.0,14.132915,10.969213,38274.812,0.0,0.0,25.600533,13.66
2022-10-28 04:00:00+00:00,1.0,9.364165,5.473369,38128.8,0.0,0.0,19.959719,11.91
2022-10-29 04:00:00+00:00,0.0,9.101666,6.5331883,37984.625,0.0,0.0,11.525623,13.85
2022-10-30 04:00:00+00:00,3.0,9.466249,7.169655,37842.02,0.0,0.0,11.165805,13.61
2022-10-31 04:00:00+00:00,63.0,13.237083,12.493602,37699.75,6.6,4.0,13.281023,7.47
2022-11-01 04:00:00+00:00,63.0,15.4975,15.27766,37557.85,7.4999995,9.0,15.629971,6.17
2022-11-02 04:00:00+00:00,0.0,14.689166,13.322281,37416.45,0.0,0.0,16.299694,12.61
2022-11-03 04:00:00+00:00,0.0,12.166249,10.833917,37275.703,0.0,0.0,11.770403,12.46
2022-11-04 04:00:00+00:00,3.0,13.643333,13.1625395,37135.742,0.0,0.0,13.339445,10.83
2022-11-05 04:00:00+00:00,3.0,18.10375,17.579252,36996.727,0.0,0.0,27.25559,10.49
2022-11-06 04:00:00+00:00,63.0,19.857916,19.505821,36858.797,2.8,2.0,22.26768,6.49
2022-11-07 04:00:00+00:00,51.0,19.516249,17.778135,36722.11,0.8,3.0,25.699057,11.37
2022-11-08 04:00:00+00:00,0.0,10.39125,5.6195006,36586.82,0.0,0.0,23.452555,12.04
2022-11-09 04:00:00+00:00,1.0,7.199583,3.6667538,36453.09,0.0,0.0,19.483284,11.82
2022-11-10 04:00:00+00:00,1.0,11.047501,9.313103,36321.08,0.0,0.0,13.237039,11.14
2022-11-11 04:00:00+00:00,65.0,15.755833,15.516276,36190.953,25.3,14.0,33.510952,2.22
2022-11-12 04:00:00+00:00,53.0,18.4975,17.143927,36062.88,1.8,6.0,33.1376,9.97
2022-11-13 04:00:00+00:00,55.0,10.393333,6.6728244,35937.035,2.9,6.0,27.217524,6.05
2022-11-14 04:00:00+00:00,0.0,4.7245836,-0.0065531135,35813.59,0.0,0.0,19.346441,11.29
2022-11-15 04:00:00+00:00,61.0,4.2183332,0.3483378,35692.727,6.0000005,7.0,23.540806,5.85
2022-11-16 04:00:00+00:00,63.0,7.3120837,2.737668,35574.62,12.5,10.0,28.017622,7.85
2022-11-17 04:00:00+00:00,2.0,4.3995833,-1.0901638,35459.457,0.0,0.0,31.212229,9.09
2022-11-18 04:00:00+00:00,71.0,3.16,-2.3676982,35347.42,0.2,1.0,31.093666,10.5
2022-11-19 04:00:00+00:00,1.0,1.37875,-3.5726268,35238.305,0.0,0.0,19.66536,10.87
2022-11-20 04:00:00+00:00,71.0,0.39958337,-5.7823596,35130.97,0.1,1.0,34.04808,10.65
2022-11-21 04:00:00+00:00,3.0,0.18291676,-5.1870093,35025.438,0.0,0.0,22.493519,10.47
2022-11-22 04:00:00+00:00,0.0,4.4266667,0.22735693,34921.85,0.0,0.0,20.63023,10.18
2022-11-23 04:00:00+00:00,0.0,5.6954174,1.7806754,34820.344,0.0,0.0,13.044722,10.08
2022-11-24 04:00:00+00:00,1.0,5.1474996,2.2355535,34721.05,0.0,0.0,13.009903,9.64
2022-11-25 04:00:00+00:00,61.0,7.497501,3.9080174,34624.11,3.8,6.0,25.86494,3.86
2022-11-26 04:00:00+00:00,3.0,7.3662505,2.96084,34529.676,0.0,0.0,19.681828,9.67
2022-11-27 04:00:00+00:00,63.0,8.880834,5.635962,34437.883,12.200001,10.0,27.248457,2.61
2022-11-28 04:00:00+00:00,3.0,9.482917,5.0272956,34348.87,0.0,0.0,27.776047,7.57
2022-11-29 04:00:00+00:00,3.0,3.0912504,-0.2851406,34262.797,0.0,0.0,14.021525,7.71
2022-11-30 04:00:00+00:00,63.0,8.118334,4.1627154,34179.8,14.9,10.0,37.44692,1.05
2022-12-01 04:00:00+00:00,3.0,3.0183332,-2.6889956,34100.04,0.0,0.0,28.696312,8.12
2022-12-02 04:00:00+00:00,1.0,1.3266667,-2.4265916,34023.645,0.0,0.0,10.948973,9.35
2022-12-03 04:00:00+00:00,63.0,9.759999,5.575955,33950.79,8.799999,9.0,33.283943,1.46
2022-12-04 04:00:00+00:00,2.0,3.837083,-0.4729637,33881.61,0.0,0.0,23.188583,9.14
2022-12-05 04:00:00+00:00,1.0,1.8204168,-1.828674,33816.26,0.0,0.0,11.720751,8.58
2022-12-06 04:00:00+00:00,61.0,8.17875,5.6311646,33754.9,11.5,12.0,22.59699,1.07
2022-12-07 04:00:00+00:00,61.0,12.545415,11.533836,33697.664,10.499998,12.0,22.79684,1.77
2022-12-08 04:00:00+00:00,3.0,8.832917,5.1416655,33644.715,0.0,0.0,20.3774,5.75
2022-12-09 04:00:00+00:00,0.0,3.2745838,-1.7329483,33595.977,0.0,0.0,20.570463,9.15
2022-12-10 04:00:00+00:00,3.0,1.2829168,-3.6405199,33550.848,0.0,0.0,18.455048,8.85
2022-12-11 04:00:00+00:00,75.0,2.65375,-1.4197291,33509.32,10.700001,13.0,17.654688,1.37
2022-12-12 04:00:00+00:00,73.0,1.0079167,-3.6014292,33471.43,1.1,5.0,22.104116,7.56
2022-12-13 04:00:00+00:00,0.0,-1.0441667,-5.7652,33437.21,0.0,0.0,14.799459,9.16
2022-12-14 04:00:00+00:00,2.0,0.22875004,-4.8837495,33406.703,0.0,0.0,19.513195,8.99
2022-12-15 04:00:00+00:00,63.0,1.901667,-2.9432924,33379.953,17.300001,10.0,30.121912,1.32
2022-12-16 04:00:00+00:00,73.0,4.705834,-0.7263072,33356.99,14.500001,22.0,34.94968,1.72
2022-12-17 04:00:00+00:00,51.0,3.637083,-1.447476,33337.832,0.3,2.0,24.798223,8.17
2022-12-18 04:00:00+00:00,3.0,0.60791665,-4.302421,33322.527,0.0,0.0,22.26768,6.99
2022-12-19 04:00:00+00:00,1.0,0.13083328,-5.653017,33311.1,0.0,0.0,23.363974,8.78
2022-12-20 04:00:00+00:00,2.0,0.030833393,-4.89471,33303.57,0.0,0.0,19.201874,8.78
2022-12-21 04:00:00+00:00,1.0,-0.95874995,-4.6459937,33299.984,0.0,0.0,9.255571,8.61
2022-12-22 04:00:00+00:00,63.0,2.585,-1.6290036,33300.336,9.5,11.0,30.449274,2.0
2022-12-23 04:00:00+00:00,73.0,3.212084,-3.274741,33304.668,23.0,15.0,45.958904,2.01
2022-12-24 04:00:00+00:00,3.0,-10.937917,-18.947859,33313.0,0.0,0.0,35.65454,8.73
2022-12-25 04:00:00+00:00,0.0,-6.515,-13.165561,33325.336,0.0,0.0,25.20257,8.92
2022-12-26 04:00:00+00:00,3.0,-4.8691664,-10.554145,33341.703,0.0,0.0,19.469976,8.72
2022-12-27 04:00:00+00:00,3.0,-1.765,-6.4946427,33362.113,0.0,0.0,14.904173,8.69
2022-12-28 04:00:00+00:00,2.0,0.485,-3.895155,33386.58,0.0,0.0,19.201874,8.46
2022-12-29 04:00:00+00:00,1.0,2.6641667,-1.2495481,33415.207,0.0,0.0,15.978484,8.33
2022-12-30 04:00:00+00:00,3.0,6.04125,2.7322702,33448.26,0.0,0.0,13.5515,8.22
2022-12-31 04:00:00+00:00,61.0,8.489166,6.762938,33485.66,6.3000007,11.0,13.237039,1.64
2023-01-01 04:00:00+00:00,55.0,8.751668,5.9445844,33527.31,2.1,3.0,17.399586,8.02
2023-01-02 04:00:00+00:00,51.0,7.6683345,5.492384,33573.07,0.5,2.0,9.0,6.03
2023-01-03 04:00:00+00:00,63.0,9.314166,7.6184287,33622.855,9.5,9.0,19.373219,1.45
2023-01-04 04:00:00+00:00,53.0,12.8975,11.926086,33676.527,2.3,5.0,18.218275,6.6
2023-01-05 04:00:00+00:00,3.0,9.816251,8.312173,33733.984,0.0,0.0,12.074766,4.19
2023-01-06 04:00:00+00:00,61.0,5.97875,3.1068275,33795.105,9.599999,14.0,16.327497,3.97
2023-01-07 04:00:00+00:00,3.0,3.47875,-0.8843816,33859.77,0.0,0.0,20.240198,6.81
2023-01-08 04:00:00+00:00,1.0,1.1266667,-2.8009374,33927.863,0.0,0.0,13.746156,8.83
2023-01-09 04:00:00+00:00,71.0,2.8808334,-0.79645634,33999.273,1.5000001,5.0,17.935081,8.08
2023-01-10 04:00:00+00:00,3.0,2.4579165,-1.5344921,34073.88,0.0,0.0,14.561099,5.39
2023-01-11 04:00:00+00:00,3.0,0.8183334,-3.280568,34151.562,0.0,0.0,13.755579,6.6
2023-01-12 04:00:00+00:00,63.0,5.049583,1.8220071,34232.207,11.900001,13.0,20.991426,1.88
2023-01-13 04:00:00+00:00,51.0,9.047501,5.1152697,34315.695,1.6000001,9.0,27.067116,3.83
2023-01-14 04:00:00+00:00,3.0,0.8141666,-5.631335,34401.92,0.0,0.0,26.28,2.25
2023-01-15 04:00:00+00:00,3.0,0.46208334,-6.8540764,34490.77,0.0,0.0,33.75756,9.62
2023-01-16 04:00:00+00:00,1.0,1.3266667,-4.398432,34582.113,0.0,0.0,26.282465,9.98
2023-01-17 04:00:00+00:00,53.0,2.2995832,-1.6943411,34675.855,1.4,2.0,13.324863,5.61
2023-01-18 04:00:00+00:00,53.0,6.4475,2.4327128,34772.23,1.7,4.0,25.460936,7.43
2023-01-19 04:00:00+00:00,63.0,3.80375,0.69388515,34872.234,23.5,15.0,16.263872,1.35
2023-01-20 04:00:00+00:00,53.0,5.21625,0.81550235,34975.766,0.6,1.0,30.657122,6.52
2023-01-21 04:00:00+00:00,51.0,2.5683336,-1.863453,35082.633,0.2,2.0,19.930477,7.74
2023-01-22 04:00:00+00:00,61.0,1.2141668,-2.566066,35192.656,5.4,5.0,15.84,5.51
2023-01-23 04:00:00+00:00,73.0,2.25375,-2.6509469,35305.64,16.900002,20.0,24.985659,2.19
2023-01-24 04:00:00+00:00,3.0,2.11,-2.8782961,35421.418,0.0,0.0,27.691935,10.28
2023-01-25 04:00:00+00:00,73.0,2.0162501,-2.2352211,35539.8,20.0,10.0,44.72411,2.25
2023-01-26 04:00:00+00:00,63.0,7.2599998,1.9640948,35660.613,14.500001,8.0,36.001797,9.62
2023-01-27 04:00:00+00:00,3.0,1.9704165,-2.5196946,35783.69,0.0,0.0,19.164717,9.36
2023-01-28 04:00:00+00:00,3.0,4.174583,-0.45900932,35908.855,0.0,0.0,23.795427,10.31
2023-01-29 04:00:00+00:00,3.0,5.380834,1.4182829,36035.94,0.0,0.0,22.450264,5.0
2023-01-30 04:00:00+00:00,2.0,5.9162498,3.0031717,36164.785,0.0,0.0,13.202726,9.72
2023-01-31 04:00:00+00:00,73.0,3.1850002,-0.97230035,36295.23,2.5,8.0,19.08,3.56
2023-02-01 04:00:00+00:00,73.0,-0.84208345,-5.6534767,36427.11,1.6,5.0,16.516901,11.57
2023-02-02 04:00:00+00:00,1.0,-0.4441665,-5.1010346,36560.277,0.0,0.0,19.09358,11.74
2023-02-03 04:00:00+00:00,3.0,-4.6275,-12.592983,36694.58,0.0,0.0,42.23676,12.65
2023-02-04 04:00:00+00:00,3.0,-9.775416,-16.600222,36829.867,0.0,0.0,39.82843,12.72
2023-02-05 04:00:00+00:00,3.0,1.1454167,-4.0184474,36965.99,0.0,0.0,19.130875,9.78
2023-02-06 04:00:00+00:00,3.0,3.9266665,-0.79878277,37102.81,0.0,0.0,29.215502,10.76
2023-02-07 04:00:00+00:00,71.0,0.1516665,-4.487407,37240.617,2.6,2.0,21.603,10.27
2023-02-08 04:00:00+00:00,53.0,4.5995836,0.6385457,37380.67,0.70000005,2.0,22.493519,12.17
2023-02-09 04:00:00+00:00,3.0,4.470417,1.0623288,37522.92,0.0,0.0,20.892412,3.54
2023-02-10 04:00:00+00:00,3.0,10.972501,6.8817134,37667.188,0.0,0.0,28.1169,12.94
2023-02-11 04:00:00+00:00,1.0,3.4662497,-1.4052478,37813.312,0.0,0.0,23.507753,13.64
2023-02-12 04:00:00+00:00,73.0,2.5975,-0.8865282,37961.13,0.8,1.0,18.720001,7.75
2023-02-13 04:00:00+00:00,73.0,6.3662505,1.1909548,38110.477,1.8000001,4.0,23.863409,13.84
2023-02-14 04:00:00+00:00,1.0,6.039167,1.1365031,38261.21,0.0,0.0,23.166218,14.15
2023-02-15 04:00:00+00:00,3.0,9.92875,5.7630506,38413.17,0.0,0.0,26.865265,12.3
2023-02-16 04:00:00+00:00,61.0,12.468331,10.137731,38566.21,2.8999999,3.0,17.555307,8.23
2023-02-17 04:00:00+00:00,61.0,9.505834,5.7865562,38720.184,8.1,9.0,33.790176,3.34
2023-02-18 04:00:00+00:00,2.0,0.69125,-4.8002086,38874.945,0.0,0.0,28.876396,15.05
2023-02-19 04:00:00+00:00,3.0,3.8037498,-0.5827107,39030.36,0.0,0.0,29.827904,8.86
2023-02-20 04:00:00+00:00,3.0,8.735001,5.410031,39186.277,0.0,0.0,25.325686,8.05
2023-02-21 04:00:00+00:00,73.0,4.1974998,0.76851225,39342.58,7.1000004,7.0,17.76081,6.0
2023-02-22 04:00:00+00:00,73.0,2.2724998,-1.3168116,39499.113,4.4,10.0,14.982228,6.31
2023-02-23 04:00:00+00:00,51.0,4.335,0.74296665,39655.758,0.6,2.0,16.08761,8.11
2023-02-24 04:00:00+00:00,3.0,3.712083,-1.9177666,39812.383,0.0,0.0,35.25979,13.99
2023-02-25 04:00:00+00:00,71.0,-3.2295835,-7.838202,39968.855,0.70000005,6.0,19.839235,6.13
2023-02-26 04:00:00+00:00,3.0,2.0141666,-2.624105,40125.05,0.0,0.0,34.68166,13.55
2023-02-27 04:00:00+00:00,75.0,1.3579167,-3.282955,40281.254,3.8,4.0,23.683512,14.34
2023-02-28 04:00:00+00:00,75.0,0.77250004,-3.4176486,40438.69,13.100001,18.0,24.842607,2.22
2023-03-01 04:00:00+00:00,75.0,1.7141666,-2.350145,40597.336,3.3999999,5.0,22.039528,15.02
2023-03-02 04:00:00+00:00,53.0,6.5516677,2.8714597,40757.06,1.5000001,4.0,23.157824,10.24
2023-03-03 04:00:00+00:00,61.0,3.082917,-1.3644153,40917.746,2.8,5.0,30.36403,10.93
2023-03-04 04:00:00+00:00,65.0,5.162083,0.52454835,41079.273,41.799995,10.0,38.445908,6.27
2023-03-05 04:00:00+00:00,3.0,5.26625,0.82059807,41241.523,0.0,0.0,27.438046,14.73
2023-03-06 04:00:00+00:00,3.0,5.6454167,0.89045954,41404.375,0.0,0.0,23.113008,15.47
2023-03-07 04:00:00+00:00,73.0,3.4787502,-2.4583485,41567.72,2.7,7.0,36.322556,17.76
2023-03-08 04:00:00+00:00,2.0,2.66,-3.4708967,41731.445,0.0,0.0,34.561874,17.54
2023-03-09 04:00:00+00:00,3.0,4.0975003,-0.8748992,41895.43,0.0,0.0,22.26477,15.22
2023-03-10 04:00:00+00:00,63.0,3.05375,-0.76913375,42059.562,7.3,6.0,16.75064,9.76
2023-03-11 04:00:00+00:00,75.0,4.020417,-0.5519672,42223.74,13.1,14.0,25.764534,7.61
2023-03-12 04:00:00+00:00,3.0,3.1745834,-1.0022374,42387.844,0.0,0.0,19.164717,14.84
2023-03-13 04:00:00+00:00,61.0,4.424584,0.7164378,42551.77,16.7,23.0,20.5484,2.45
2023-03-14 04:00:00+00:00,73.0,1.9037501,-5.0825562,42715.4,12.200002,23.0,44.281464,4.8
2023-03-15 04:00:00+00:00,3.0,3.0495834,-4.553464,42878.633,0.0,0.0,38.723015,17.78
2023-03-16 04:00:00+00:00,2.0,5.289167,0.6436727,43041.36,0.0,0.0,19.862083,18.65
2023-03-17 04:00:00+00:00,3.0,8.289166,4.8237677,43203.46,0.0,0.0,22.159746,12.35
2023-03-18 04:00:00+00:00,51.0,7.3766675,2.9156787,43364.832,0.7,3.0,26.14403,18.3
2023-03-19 04:00:00+00:00,3.0,0.9558334,-5.2532873,43525.74,0.0,0.0,27.345785,20.4
2023-03-20 04:00:00+00:00,0.0,2.9308336,-1.5106825,43687.297,0.0,0.0,17.786331,21.11
2023-03-21 04:00:00+00:00,2.0,7.2162495,2.9209116,43849.496,0.0,0.0,20.08916,21.06
2023-03-22 04:00:00+00:00,3.0,7.622501,3.908575,44012.24,0.0,0.0,23.14103,16.32
2023-03-23 04:00:00+00:00,61.0,10.49125,7.978552,44175.426,2.8,4.0,24.458813,9.04
2023-03-24 04:00:00+00:00,51.0,8.4558325,5.05968,44338.95,0.2,2.0,19.08,11.46
2023-03-25 04:00:00+00:00,63.0,5.3704166,1.1698483,44502.72,11.5,10.0,31.37168,3.35
2023-03-26 04:00:00+00:00,3.0,9.128751,5.030702,44666.625,0.0,0.0,24.490587,21.92
2023-03-27 04:00:00+00:00,61.0,7.580833,3.963868,44830.574,2.6,3.0,23.686249,16.57
2023-03-28 04:00:00+00:00,51.0,6.34125,2.7530744,44994.457,0.6,3.0,21.129885,10.66
2023-03-29 04:00:00+00:00,2.0,5.0745835,1.1360866,45158.176,0.0,0.0,24.216522,22.18
2023-03-30 04:00:00+00:00,51.0,3.0433338,-2.4467592,45321.63,0.1,1.0,28.460497,22.74
2023-03-31 04:00:00+00:00,3.0,5.724583,2.1742609,45484.71,0.0,0.0,29.354902,12.03
2023-04-01 04:00:00+00:00,63.0,14.624584,11.949665,45647.312,10.099999,13.0,26.712873,8.56
2023-04-02 04:00:00+00:00,2.0,6.7141666,1.0082518,45809.332,0.0,0.0,35.259792,23.72
2023-04-03 04:00:00+00:00,2.0,6.851666,2.7865117,45970.664,0.0,0.0,30.861471,22.71
2023-04-04 04:00:00+00:00,3.0,13.0391655,11.922298,46131.19,0.0,0.0,16.766108,19.42
2023-04-05 04:00:00+00:00,51.0,11.487083,9.271262,46290.81,0.4,4.0,20.49156,6.54
2023-04-06 04:00:00+00:00,61.0,16.385,16.093988,46449.402,3.2999997,5.0,18.671474,16.41
2023-04-07 04:00:00+00:00,3.0,10.970417,6.2807145,46606.86,0.0,0.0,21.868332,8.72
2023-04-08 04:00:00+00:00,1.0,5.8475013,1.9547931,46763.426,0.0,0.0,19.855558,20.94
2023-04-09 04:00:00+00:00,2.0,6.1641674,2.575649,46920.164,0.0,0.0,24.162947,23.91
2023-04-10 04:00:00+00:00,0.0,8.880834,6.0058284,47077.066,0.0,0.0,18.837322,24.35
2023-04-11 04:00:00+00:00,3.0,14.5975,10.257268,47234.027,0.0,0.0,25.959969,23.21
2023-04-12 04:00:00+00:00,2.0,20.232914,16.711878,47390.95,0.0,0.0,24.098497,21.36
2023-04-13 04:00:00+00:00,0.0,21.837082,19.665163,47547.727,0.0,0.0,20.633371,24.13
2023-04-14 04:00:00+00:00,1.0,21.793333,20.060177,47704.246,0.0,0.0,19.201874,23.37
2023-04-15 04:00:00+00:00,63.0,17.41625,17.319378,47860.414,5.0,6.0,19.513195,16.3
2023-04-16 04:00:00+00:00,3.0,15.5391655,15.267846,48016.11,0.0,0.0,17.727943,15.83
2023-04-17 04:00:00+00:00,63.0,14.2162485,12.011819,48171.227,3.1,5.0,24.522314,14.07
2023-04-18 04:00:00+00:00,51.0,11.032917,5.473324,48325.652,0.1,1.0,36.457886,19.14
2023-04-19 04:00:00+00:00,3.0,10.139167,6.1449714,48479.266,0.0,0.0,24.535526,22.28
2023-04-20 04:00:00+00:00,2.0,10.243334,7.6014934,48631.953,0.0,0.0,16.179985,23.66
2023-04-21 04:00:00+00:00,2.0,12.905831,10.788559,48783.594,0.0,0.0,23.904108,24.8
2023-04-22 04:00:00+00:00,63.0,14.041249,12.039657,48934.062,15.7,6.0,30.5173,20.13
2023-04-23 04:00:00+00:00,63.0,14.380832,12.351083,49083.24,18.400002,14.0,20.570463,15.62
2023-04-24 04:00:00+00:00,2.0,10.993333,7.731753,49230.984,0.0,0.0,19.05281,23.3
2023-04-25 04:00:00+00:00,51.0,10.137083,7.0628247,49377.176,0.3,3.0,13.202726,20.71
2023-04-26 04:00:00+00:00,53.0,9.75375,7.133988,49521.68,0.9,3.0,22.065973,18.35
2023-04-27 04:00:00+00:00,51.0,10.40375,8.2769165,49664.355,0.70000005,6.0,16.78156,15.64
2023-04-28 04:00:00+00:00,61.0,9.585,6.306273,49805.42,6.1000004,8.0,23.313995,9.23
2023-04-29 04:00:00+00:00,63.0,10.487083,7.24478,49945.895,59.5,23.0,30.718357,3.99
2023-04-30 04:00:00+00:00,63.0,12.532916,10.783496,50085.754,22.2,15.0,27.475807,5.26
2023-05-01 04:00:00+00:00,53.0,12.418332,8.031496,50224.887,1.8000002,7.0,38.64764,22.51
2023-05-02 04:00:00+00:00,51.0,10.170417,6.553488,50363.176,0.8,4.0,26.903828,17.67
2023-05-03 04:00:00+00:00,51.0,9.2370825,6.334437,50500.51,0.70000005,7.0,14.84318,17.95
2023-05-04 04:00:00+00:00,53.0,9.968335,7.4913483,50636.773,1.7,8.0,16.263872,17.13
2023-05-05 04:00:00+00:00,63.0,11.355834,9.752662,50771.836,3.5,3.0,11.91812,22.17
2023-05-06 04:00:00+00:00,2.0,13.9975,11.888286,50905.574,0.0,0.0,19.008545,22.8
2023-05-07 04:00:00+00:00,3.0,16.13083,14.326439,51037.863,0.0,0.0,22.057161,26.27
2023-05-08 04:00:00+00:00,3.0,17.937082,16.35039,51168.574,0.0,0.0,21.203358,26.13
2023-05-09 04:00:00+00:00,3.0,13.9141655,11.291122,51297.574,0.0,0.0,21.659916,23.19
2023-05-10 04:00:00+00:00,1.0,14.09125,12.481118,51424.734,0.0,0.0,19.829433,28.45
2023-05-11 04:00:00+00:00,1.0,17.603752,16.092443,51549.902,0.0,0.0,21.749483,27.99
2023-05-12 04:00:00+00:00,2.0,20.870415,20.169836,51672.953,0.0,0.0,15.315873,24.4
2023-05-13 04:00:00+00:00,3.0,21.766245,20.176123,51793.73,0.0,0.0,19.734436,15.57
2023-05-14 04:00:00+00:00,1.0,17.366247,14.364551,51912.098,0.0,0.0,21.986542,28.2
2023-05-15 04:00:00+00:00,1.0,17.266253,13.998864,52027.906,0.0,0.0,18.733839,29.52
2023-05-16 04:00:00+00:00,1.0,20.06625,16.653006,52141.004,0.0,0.0,24.933735,27.75
2023-05-17 04:00:00+00:00,2.0,14.878747,10.527745,52251.242,0.0,0.0,26.368616,29.49
2023-05-18 04:00:00+00:00,0.0,10.868335,7.567676,52358.766,0.0,0.0,22.077717,29.56
2023-05-19 04:00:00+00:00,3.0,14.637084,12.019248,52464.426,0.0,0.0,33.00436,22.71
2023-05-20 04:00:00+00:00,63.0,15.59125,15.554135,52568.2,26.9,15.0,15.876775,5.78
2023-05-21 04:00:00+00:00,53.0,17.059998,14.943229,52669.977,0.6,2.0,22.961115,19.59
2023-05-22 04:00:00+00:00,51.0,16.632914,15.506522,52769.66,0.2,2.0,20.620804,23.94
2023-05-23 04:00:00+00:00,1.0,14.303749,13.015946,52867.137,0.0,0.0,21.485697,27.35
2023-05-24 04:00:00+00:00,53.0,15.382915,13.938461,52962.3,0.7,2.0,24.975283,26.49
2023-05-25 04:00:00+00:00,3.0,14.464165,11.000027,53055.04,0.0,0.0,25.922499,29.74
2023-05-26 04:00:00+00:00,0.0,15.901665,13.949257,53145.242,0.0,0.0,15.315873,29.75
2023-05-27 04:00:00+00:00,1.0,16.926664,15.221786,53232.805,0.0,0.0,20.12461,29.18
2023-05-28 04:00:00+00:00,1.0,17.49125,15.821846,53317.61,0.0,0.0,19.930477,28.98
2023-05-29 04:00:00+00:00,1.0,18.295418,16.510374,53399.547,0.0,0.0,28.467327,28.91
2023-05-30 04:00:00+00:00,0.0,15.414166,13.938717,53478.49,0.0,0.0,18.581022,29.84
2023-05-31 04:00:00+00:00,1.0,15.868332,15.419922,53554.34,0.0,0.0,15.315873,29.9
2023-06-01 04:00:00+00:00,3.0,19.280832,19.765863,53626.973,0.0,0.0,17.418196,29.24
2023-06-02 04:00:00+00:00,2.0,22.116247,22.653807,53696.277,0.0,0.0,17.114204,27.11
2023-06-03 04:00:00+00:00,61.0,18.14958,16.681118,53762.13,3.5,3.0,22.26477,12.57
2023-06-04 04:00:00+00:00,51.0,15.312083,12.228363,53824.426,0.1,1.0,25.006397,17.81
2023-06-05 04:00:00+00:00,3.0,17.603748,15.355175,53883.035,0.0,0.0,21.479666,18.57
2023-06-06 04:00:00+00:00,51.0,19.34125,16.778105,53937.86,0.2,1.0,33.948975,25.94
2023-06-07 04:00:00+00:00,1.0,18.616247,15.647197,53988.93,0.0,0.0,21.313093,29.08
2023-06-08 04:00:00+00:00,1.0,16.580833,14.882495,54036.67,0.0,0.0,19.242327,25.0
2023-06-09 04:00:00+00:00,53.0,16.680832,15.588859,54081.098,0.9,2.0,19.995398,22.83
2023-06-10 04:00:00+00:00,51.0,18.855831,17.750359,54122.164,0.2,2.0,18.079027,25.29
2023-06-11 04:00:00+00:00,2.0,21.041248,20.910042,54159.848,0.0,0.0,18.58451,21.62
2023-06-12 04:00:00+00:00,63.0,20.747496,20.794615,54194.1,8.5,7.0,26.987997,16.79
2023-06-13 04:00:00+00:00,3.0,20.776663,19.711031,54224.902,0.0,0.0,21.605999,26.07
2023-06-14 04:00:00+00:00,63.0,18.251665,17.287153,54252.227,9.5,7.0,24.122686,16.91
2023-06-15 04:00:00+00:00,3.0,20.214167,18.580036,54276.04,0.0,0.0,20.447239,21.96
2023-06-16 04:00:00+00:00,63.0,19.001665,19.141033,54296.32,10.799999,6.0,18.844202,16.31
2023-06-17 04:00:00+00:00,51.0,19.793333,18.120722,54313.03,0.1,1.0,31.63087,26.27
2023-06-18 04:00:00+00:00,3.0,21.218328,19.683317,54326.164,0.0,0.0,19.164717,19.14
2023-06-19 04:00:00+00:00,53.0,20.27458,20.679195,54335.695,1.4000001,3.0,19.95972,25.53
2023-06-20 04:00:00+00:00,3.0,19.282911,18.812529,54341.598,0.0,0.0,21.313093,20.02
2023-06-21 04:00:00+00:00,51.0,18.555834,16.698408,54343.863,0.3,1.0,23.400002,18.63
2023-06-22 04:00:00+00:00,51.0,17.941252,16.324274,54342.465,0.3,3.0,24.985659,10.07
2023-06-23 04:00:00+00:00,63.0,19.609999,20.51599,54337.395,12.400001,9.0,21.817902,10.6
2023-06-24 04:00:00+00:00,63.0,21.407915,23.757286,54328.637,21.200003,16.0,16.923828,17.71
2023-06-25 04:00:00+00:00,53.0,22.789164,25.71287,54316.184,1.9000001,6.0,17.87718,23.44
2023-06-26 04:00:00+00:00,61.0,21.551666,23.695578,54300.023,4.6,7.0,20.265795,17.97
2023-06-27 04:00:00+00:00,65.0,21.526665,23.900335,54280.082,18.7,12.0,18.844202,14.77
2023-06-28 04:00:00+00:00,53.0,22.630829,24.976156,54256.17,2.1,9.0,13.849476,21.79
2023-06-29 04:00:00+00:00,3.0,22.130835,22.810064,54228.336,0.0,0.0,14.277983,22.02
2023-06-30 04:00:00+00:00,3.0,22.805832,24.353668,54196.676,0.0,0.0,21.129885,25.39
2023-07-01 04:00:00+00:00,3.0,22.307913,22.89504,54161.25,0.0,0.0,24.675106,25.63
2023-07-02 04:00:00+00:00,63.0,24.24333,26.885801,54122.152,16.100002,21.0,20.592503,19.22
2023-07-03 04:00:00+00:00,65.0,25.335,28.903215,54079.46,17.800001,8.0,16.78156,20.75
2023-07-04 04:00:00+00:00,61.0,24.476667,28.272058,54033.258,5.4,11.0,13.246826,19.32
2023-07-05 04:00:00+00:00,3.0,26.074583,30.110628,53983.63,0.0,0.0,15.192682,26.43
2023-07-06 04:00:00+00:00,0.0,25.778748,28.887077,53930.66,0.0,0.0,19.966211,27.84
2023-07-07 04:00:00+00:00,51.0,24.982918,28.796873,53874.434,0.6,5.0,18.359999,22.3
2023-07-08 04:00:00+00:00,53.0,25.216253,29.289911,53815.04,4.4,12.0,15.158522,20.59
2023-07-09 04:00:00+00:00,63.0,23.009996,26.240236,53752.56,18.500002,15.0,14.917212,11.0
2023-07-10 04:00:00+00:00,53.0,24.066248,26.523714,53687.086,1.3000001,6.0,17.238699,19.99
2023-07-11 04:00:00+00:00,0.0,24.5725,26.27714,53618.7,0.0,0.0,10.587918,27.44
2023-07-12 04:00:00+00:00,1.0,26.482916,28.539217,53547.492,0.0,0.0,16.311613,27.0
2023-07-13 04:00:00+00:00,51.0,26.712084,28.735052,53473.543,0.2,2.0,24.36591,23.11
2023-07-14 04:00:00+00:00,65.0,24.214165,27.640059,53396.945,36.600002,9.0,20.674158,18.46
2023-07-15 04:00:00+00:00,63.0,24.535002,28.709517,53317.79,8.0,11.0,16.75064,19.96
2023-07-16 04:00:00+00:00,65.0,23.768332,27.435143,53236.152,41.399998,21.0,18.218275,6.61
2023-07-17 04:00:00+00:00,51.0,25.32458,28.753424,53151.87,0.1,1.0,17.595861,25.7
2023-07-18 04:00:00+00:00,63.0,24.726664,27.98336,53064.23,8.299999,7.0,17.114204,23.03
2023-07-19 04:00:00+00:00,55.0,22.764166,25.602034,52973.32,3.8000002,6.0,10.948973,16.64
2023-07-20 04:00:00+00:00,51.0,23.914162,26.507895,52879.285,0.5,3.0,14.917212,24.54
2023-07-21 04:00:00+00:00,53.0,24.107918,27.070364,52782.26,3.5,9.0,15.629971,22.08
2023-07-22 04:00:00+00:00,1.0,23.332914,24.146273,52682.4,0.0,0.0,15.077082,26.26
2023-07-23 04:00:00+00:00,51.0,23.682915,24.828085,52579.836,0.5,3.0,19.319628,25.03
2023-07-24 04:00:00+00:00,61.0,24.064165,25.318846,52474.71,1.9,2.0,23.143827,23.34
2023-07-25 04:00:00+00:00,63.0,22.980833,26.184286,52367.16,9.0,8.0,15.124284,18.33
2023-07-26 04:00:00+00:00,51.0,23.689163,25.713577,52257.316,0.4,3.0,20.945072,25.36
2023-07-27 04:00:00+00:00,51.0,26.987082,29.786043,52145.324,0.7,4.0,27.534704,22.79
2023-07-28 04:00:00+00:00,1.0,27.424583,31.213324,52031.297,0.0,0.0,17.309973,25.41
2023-07-29 04:00:00+00:00,61.0,27.63083,29.913652,51915.383,4.3,4.0,32.839024,22.42
2023-07-30 04:00:00+00:00,3.0,21.805834,20.805176,51797.695,0.0,0.0,19.562946,21.69
2023-07-31 04:00:00+00:00,1.0,22.464165,22.553648,51678.363,0.0,0.0,14.88242,24.24
2023-08-01 04:00:00+00:00,1.0,21.747498,20.682926,51557.508,0.0,0.0,18.899143,22.37
2023-08-02 04:00:00+00:00,2.0,20.714165,20.115664,51435.25,0.0,0.0,16.904673,22.0
2023-08-03 04:00:00+00:00,51.0,21.326666,20.443892,51311.71,0.90000004,4.0,30.035742,21.4
2023-08-04 04:00:00+00:00,51.0,22.88083,23.271292,51187.0,0.90000004,4.0,21.26744,16.8
2023-08-05 04:00:00+00:00,51.0,24.241247,25.705673,51061.234,0.2,2.0,12.9249525,22.1
2023-08-06 04:00:00+00:00,2.0,23.964165,24.461153,50934.19,0.0,0.0,21.758419,23.12
2023-08-07 04:00:00+00:00,65.0,23.96833,25.858221,50804.92,37.9,16.0,31.205997,14.38
2023-08-08 04:00:00+00:00,65.0,23.65583,24.407135,50673.49,15.200002,5.0,30.633865,17.92
2023-08-09 04:00:00+00:00,51.0,24.166246,23.274126,50540.023,0.1,1.0,22.406927,24.15
2023-08-10 04:00:00+00:00,63.0,21.7725,23.935476,50404.68,11.9,9.0,14.934577,8.87
2023-08-11 04:00:00+00:00,51.0,23.14958,24.13617,50267.586,0.1,1.0,20.172853,24.33
2023-08-12 04:00:00+00:00,63.0,22.53083,24.487526,50128.88,8.6,7.0,16.575644,19.61
2023-08-13 04:00:00+00:00,53.0,25.13083,27.58783,49988.69,2.9,7.0,20.833395,22.87
2023-08-14 04:00:00+00:00,55.0,24.309998,26.1709,49847.152,1.3,4.0,20.456745,20.94
2023-08-15 04:00:00+00:00,65.0,23.776665,26.443842,49704.383,20.300003,10.0,17.49615,15.04
2023-08-16 04:00:00+00:00,55.0,22.73083,25.72458,49560.51,3.9999998,9.0,14.440443,17.4
2023-08-17 04:00:00+00:00,61.0,22.68708,25.309042,49415.656,5.8999996,13.0,20.26899,16.53
2023-08-18 04:00:00+00:00,61.0,23.520414,24.179857,49269.938,3.1,3.0,25.264202,22.07
2023-08-19 04:00:00+00:00,3.0,20.489164,19.118351,49123.47,0.0,0.0,20.991426,20.61
2023-08-20 04:00:00+00:00,1.0,22.441248,23.060389,48976.363,0.0,0.0,14.386494,24.58
2023-08-21 04:00:00+00:00,51.0,24.791246,26.776987,48828.74,0.1,1.0,15.072783,19.71
2023-08-22 04:00:00+00:00,3.0,21.9475,20.847618,48680.695,0.0,0.0,22.725668,23.63
2023-08-23 04:00:00+00:00,2.0,20.187082,20.144527,48532.344,0.0,0.0,18.057508,21.74
2023-08-24 04:00:00+00:00,53.0,21.13083,21.61973,48383.797,2.1999998,8.0,26.415268,7.04
2023-08-25 04:00:00+00:00,63.0,23.2475,25.421347,48235.145,11.100001,9.0,19.66536,12.5
2023-08-26 04:00:00+00:00,51.0,24.460001,27.3318,48086.156,0.4,2.0,14.773164,19.88
2023-08-27 04:00:00+00:00,51.0,22.951662,24.37882,47935.83,0.5,3.0,13.339445,22.17
2023-08-28 04:00:00+00:00,51.0,21.414164,23.04496,47784.19,1.1,4.0,18.440998,13.17
2023-08-29 04:00:00+00:00,53.0,22.36833,24.576513,47631.367,1.6000001,5.0,13.53236,16.55
2023-08-30 04:00:00+00:00,53.0,24.162085,25.579254,47477.46,0.7,3.0,20.68356,18.54
2023-08-31 04:00:00+00:00,1.0,20.330832,18.421274,47322.586,0.0,0.0,22.461807,23.62
2023-09-01 04:00:00+00:00,0.0,18.657915,17.544987,47166.855,0.0,0.0,13.708391,23.67
2023-09-02 04:00:00+00:00,3.0,19.49125,19.276295,47010.37,0.0,0.0,24.20314,22.91
2023-09-03 04:00:00+00:00,51.0,25.005829,26.094625,46853.24,0.3,2.0,16.800856,21.4
2023-09-04 04:00:00+00:00,55.0,26.722498,28.869581,46695.566,1.2,1.0,18.089775,19.46
2023-09-05 04:00:00+00:00,2.0,27.895414,31.158815,46537.45,0.0,0.0,14.081478,20.06
2023-09-06 04:00:00+00:00,1.0,28.687082,31.996851,46378.99,0.0,0.0,9.422101,21.71
2023-09-07 04:00:00+00:00,63.0,27.495415,30.17566,46220.29,3.8,2.0,18.532133,17.68
2023-09-08 04:00:00+00:00,63.0,24.930834,28.630873,46061.44,14.299999,8.0,16.055353,15.86
2023-09-09 04:00:00+00:00,63.0,23.520416,26.996313,45902.54,8.5,9.0,12.641076,11.99
2023-09-10 04:00:00+00:00,63.0,21.691248,24.827332,45743.688,16.5,10.0,10.703569,7.25
2023-09-11 04:00:00+00:00,61.0,22.63083,25.830482,45584.977,4.3999996,12.0,10.464798,16.07
2023-09-12 04:00:00+00:00,51.0,22.830833,25.06764,45426.496,0.2,2.0,11.874544,18.31
2023-09-13 04:00:00+00:00,63.0,22.080832,24.690966,45268.344,17.100002,14.0,11.885453,11.83
2023-09-14 04:00:00+00:00,2.0,20.082916,19.402857,45110.613,0.0,0.0,16.904673,20.97
2023-09-15 04:00:00+00:00,1.0,17.074583,14.260638,44953.047,0.0,0.0,23.266697,18.62
2023-09-16 04:00:00+00:00,1.0,18.780832,16.298906,44794.633,0.0,0.0,21.9718,17.2
2023-09-17 04:00:00+00:00,51.0,18.147497,17.765316,44635.39,0.5,4.0,14.81259,15.62
2023-09-18 04:00:00+00:00,63.0,18.68708,19.816565,44475.418,13.900002,15.0,17.31746,5.1
2023-09-19 04:00:00+00:00,0.0,17.695417,16.179783,44314.816,0.0,0.0,21.53089,20.05
2023-09-20 04:00:00+00:00,1.0,17.005833,15.9965925,44153.69,0.0,0.0,14.33234,19.14
2023-09-21 04:00:00+00:00,3.0,16.591248,15.892716,43992.137,0.0,0.0,13.004921,19.76
2023-09-22 04:00:00+00:00,2.0,16.999582,15.575187,43830.25,0.0,0.0,22.61419,15.46
2023-09-23 04:00:00+00:00,65.0,14.90375,12.106106,43668.137,42.29999,19.0,31.435646,3.89
2023-09-24 04:00:00+00:00,63.0,16.999582,15.03065,43505.89,17.3,20.0,31.883888,3.45
2023-09-25 04:00:00+00:00,63.0,15.887081,14.153401,43343.61,17.500004,20.0,30.827856,3.12
2023-09-26 04:00:00+00:00,61.0,14.993332,12.687139,43181.387,8.500001,13.0,24.569836,5.77
2023-09-27 04:00:00+00:00,2.0,13.470417,10.888068,43019.33,0.0,0.0,19.386593,15.39
2023-09-28 04:00:00+00:00,51.0,14.084998,12.562976,42857.53,0.1,1.0,17.49615,6.44
2023-09-29 04:00:00+00:00,65.0,14.92875,13.253494,42696.086,69.899994,22.0,25.476198,4.86
2023-09-30 04:00:00+00:00,53.0,16.118334,15.091331,42535.098,1.0,3.0,20.380579,11.73
2023-10-01 04:00:00+00:00,0.0,18.718332,18.22232,42374.664,0.0,0.0,18.72346,17.96
2023-10-02 04:00:00+00:00,2.0,19.601665,19.768675,42214.883,0.0,0.0,16.039202,15.82
2023-10-03 04:00:00+00:00,3.0,19.032915,20.352991,42055.86,0.0,0.0,8.557102,17.11
2023-10-04 04:00:00+00:00,3.0,19.826666,21.376007,41897.7,0.0,0.0,12.57426,16.92
2023-10-05 04:00:00+00:00,3.0,17.69125,18.287271,41740.12,0.0,0.0,17.429354,16.8
2023-10-06 04:00:00+00:00,53.0,19.597498,21.066305,41582.035,2.6000001,11.0,15.021105,7.63
2023-10-07 04:00:00+00:00,65.0,16.86833,16.630634,41423.457,60.400005,20.0,29.131096,6.23
2023-10-08 04:00:00+00:00,3.0,12.637084,8.627408,41264.492,0.0,0.0,24.482647,14.88
2023-10-09 04:00:00+00:00,51.0,11.295417,8.043746,41105.266,0.1,1.0,23.893261,13.23
2023-10-10 04:00:00+00:00,2.0,13.126666,11.002038,40945.875,0.0,0.0,19.694992,13.39
2023-10-11 04:00:00+00:00,2.0,13.780834,12.236598,40786.445,0.0,0.0,14.182355,16.49
2023-10-12 04:00:00+00:00,2.0,13.574584,12.152617,40627.086,0.0,0.0,10.966713,15.57
2023-10-13 04:00:00+00:00,1.0,12.599584,10.199166,40467.918,0.0,0.0,14.003029,16.38
2023-10-14 04:00:00+00:00,63.0,10.284999,8.26068,40309.047,15.099999,13.0,16.704155,2.07
2023-10-15 04:00:00+00:00,53.0,11.864166,8.119115,40150.605,1.2,4.0,24.798225,13.58
2023-10-16 04:00:00+00:00,51.0,11.391251,9.016672,39992.703,0.2,1.0,19.914215,13.72
2023-10-17 04:00:00+00:00,51.0,11.953751,10.109295,39835.473,0.6,5.0,12.144331,12.31
2023-10-18 04:00:00+00:00,51.0,11.928749,10.695199,39679.02,0.3,2.0,8.854829,11.37
2023-10-19 04:00:00+00:00,3.0,12.4974985,10.613944,39523.492,0.0,0.0,19.586119,13.74
2023-10-20 04:00:00+00:00,65.0,15.024582,14.140427,39369.004,27.199999,19.0,25.721743,3.75
2023-10-21 04:00:00+00:00,61.0,14.334999,12.428638,39215.688,5.9,8.0,25.6233,5.36
2023-10-22 04:00:00+00:00,3.0,11.251666,6.7209167,39063.684,0.0,0.0,27.497026,10.68
2023-10-23 04:00:00+00:00,2.0,10.35375,6.934233,38913.11,0.0,0.0,22.218153,14.28
2023-10-24 04:00:00+00:00,1.0,10.37875,8.43719,38764.125,0.0,0.0,11.901798,13.04
2023-10-25 04:00:00+00:00,2.0,14.066247,11.992093,38616.44,0.0,0.0,14.693999,13.21
2023-10-26 04:00:00+00:00,1.0,16.81625,15.557407,38468.844,0.0,0.0,14.386494,13.46
2023-10-27 04:00:00+00:00,3.0,17.287083,16.39673,38321.35,0.0,0.0,14.8257065,8.19
2023-10-28 04:00:00+00:00,3.0,20.3725,20.145342,38174.113,0.0,0.0,18.709612,12.38
2023-10-29 04:00:00+00:00,63.0,12.526665,10.144712,38027.254,6.9,9.0,19.201874,3.46
2023-10-30 04:00:00+00:00,53.0,13.624583,12.256126,37880.91,2.0,7.0,25.02971,5.77
2023-10-31 04:00:00+00:00,51.0,8.9349985,5.690729,37735.23,0.2,2.0,18.089775,9.03
2023-11-01 04:00:00+00:00,53.0,6.4933333,2.5607905,37590.36,3.5000002,12.0,23.277834,8.4
2023-11-02 04:00:00+00:00,3.0,4.135,0.41382107,37446.438,0.0,0.0,12.245293,12.71
2023-11-03 04:00:00+00:00,0.0,6.3016663,2.7069376,37303.62,0.0,0.0,17.727943,12.64
2023-11-04 04:00:00+00:00,3.0,8.395417,5.748327,37162.055,0.0,0.0,10.97262,8.92
2023-11-05 04:00:00+00:00,2.0,10.160001,7.834278,37021.895,0.0,0.0,14.84318,8.08
2023-11-06 04:00:00+00:00,51.0,7.8225017,4.9448657,36883.305,0.1,1.0,12.6462,10.99
2023-11-07 04:00:00+00:00,63.0,13.749583,11.525968,36746.44,5.7,5.0,20.316889,7.03
2023-11-08 04:00:00+00:00,3.0,7.2454166,3.1678636,36611.477,0.0,0.0,19.33639,11.93
2023-11-09 04:00:00+00:00,51.0,8.976666,6.846167,36478.566,0.4,2.0,11.966953,4.97
2023-11-10 04:00:00+00:00,51.0,7.9391656,4.8714676,36347.89,0.3,3.0,16.263872,2.38
2023-11-11 04:00:00+00:00,3.0,7.039166,3.3281438,36219.63,0.0,0.0,18.089775,9.9
2023-11-12 04:00:00+00:00,3.0,2.7224998,-1.1475605,36093.945,0.0,0.0,13.32,10.45
2023-11-13 04:00:00+00:00,2.0,2.9329166,-0.5951419,35971.027,0.0,0.0,13.627795,10.4
2023-11-14 04:00:00+00:00,2.0,5.8829174,1.6623954,35850.64,0.0,0.0,27.852928,8.94
2023-11-15 04:00:00+00:00,3.0,4.7329164,1.4283351,35731.582,0.0,0.0,14.689589,9.81
2023-11-16 04:00:00+00:00,2.0,8.580834,5.81031,35613.887,0.0,0.0,10.495713,10.76
2023-11-17 04:00:00+00:00,2.0,11.355832,8.973195,35497.695,0.0,0.0,18.532133,9.11
2023-11-18 04:00:00+00:00,51.0,9.820417,6.2800655,35383.152,1.2,7.0,25.872456,8.84
2023-11-19 04:00:00+00:00,1.0,5.845417,1.7361256,35270.41,0.0,0.0,20.945072,10.49
2023-11-20 04:00:00+00:00,1.0,2.9579172,-1.4059829,35159.605,0.0,0.0,18.681883,10.71
2023-11-21 04:00:00+00:00,61.0,3.6433334,-1.1875224,35050.9,7.8999996,8.0,29.76484,3.7
2023-11-22 04:00:00+00:00,63.0,10.974584,7.8084054,34944.445,24.7,8.0,38.3176,7.92
2023-11-23 04:00:00+00:00,3.0,7.818334,3.7660158,34840.395,0.0,0.0,20.883102,9.99
2023-11-24 04:00:00+00:00,1.0,4.9954166,0.55066156,34738.906,0.0,0.0,22.702845,9.68
2023-11-25 04:00:00+00:00,1.0,0.23500001,-3.5964282,34640.15,0.0,0.0,15.7908325,8.94
2023-11-26 04:00:00+00:00,63.0,4.04125,0.24578436,34544.28,5.5,7.0,34.322937,5.92
2023-11-27 04:00:00+00:00,63.0,7.2412505,2.8697293,34451.465,4.4,4.0,37.56613,7.88
2023-11-28 04:00:00+00:00,71.0,0.66625,-5.6050715,34361.863,0.1,1.0,28.948118,9.44
2023-11-29 04:00:00+00:00,2.0,-1.4274999,-6.7382817,34275.65,0.0,0.0,20.957443,9.37
2023-11-30 04:00:00+00:00,2.0,2.7808335,-1.6594156,34192.984,0.0,0.0,17.555307,9.54
2023-12-01 04:00:00+00:00,61.0,4.757917,1.7271008,34114.05,5.3,7.0,14.291592,3.54
2023-12-02 04:00:00+00:00,51.0,8.601667,6.6894207,34039.008,0.1,1.0,16.279802,7.25
2023-12-03 04:00:00+00:00,63.0,8.337083,6.1976147,33968.035,16.200003,22.0,19.134262,1.27
2023-12-04 04:00:00+00:00,3.0,7.099583,3.3651931,33901.016,0.0,0.0,21.03152,7.05
2023-12-05 04:00:00+00:00,3.0,3.6350002,-0.35615578,33837.152,0.0,0.0,14.707222,6.4
2023-12-06 04:00:00+00:00,51.0,1.3058335,-3.093834,33776.453,0.1,1.0,22.322903,6.09
2023-12-07 04:00:00+00:00,3.0,0.012083329,-4.238685,33718.996,0.0,0.0,17.462782,4.04
2023-12-08 04:00:00+00:00,3.0,2.76625,-0.39803693,33664.86,0.0,0.0,11.013882,8.41
2023-12-09 04:00:00+00:00,3.0,6.4954166,4.218366,33614.105,0.0,0.0,11.966953,8.32
2023-12-10 04:00:00+00:00,63.0,11.56625,9.71676,33566.812,28.100002,12.0,29.162226,3.27
2023-12-11 04:00:00+00:00,65.0,5.7058334,0.49802813,33523.06,26.9,12.0,35.09769,6.99
2023-12-12 04:00:00+00:00,1.0,1.9329168,-2.7127209,33482.902,0.0,0.0,18.089775,9.01
2023-12-13 04:00:00+00:00,1.0,2.7933338,-1.8501059,33446.42,0.0,0.0,18.175545,8.83
2023-12-14 04:00:00+00:00,1.0,0.28291667,-4.1622024,33413.684,0.0,0.0,13.1041975,8.48
2023-12-15 04:00:00+00:00,1.0,4.226667,0.059525948,33384.758,0.0,0.0,16.641972,8.66
2023-12-16 04:00:00+00:00,1.0,5.84125,2.4134786,33359.71,0.0,0.0,12.599999,8.41
2023-12-17 04:00:00+00:00,63.0,9.255834,6.633966,33338.605,16.8,11.0,23.023117,2.26
2023-12-18 04:00:00+00:00,65.0,11.364167,7.1930995,33321.504,78.9,16.0,53.517845,2.25
2023-12-19 04:00:00+00:00,2.0,2.7224996,-2.5830681,33308.465,0.0,0.0,24.014996,8.35
2023-12-20 04:00:00+00:00,0.0,1.0745834,-3.475644,33299.555,0.0,0.0,16.42247,8.65
2023-12-21 04:00:00+00:00,1.0,0.6725001,-4.474022,33294.824,0.0,0.0,20.892412,8.77
2023-12-22 04:00:00+00:00,3.0,-2.312917,-6.554359,33294.324,0.0,0.0,13.084402,8.15
2023-12-23 04:00:00+00:00,51.0,0.43291664,-2.8113365,33298.117,0.5,2.0,9.686609,3.49
2023-12-24 04:00:00+00:00,3.0,4.07875,1.7154607,33306.27,0.0,0.0,7.5599995,3.67
2023-12-25 04:00:00+00:00,3.0,5.664166,3.3479779,33318.805,0.0,0.0,8.647496,6.09
2023-12-26 04:00:00+00:00,3.0,4.612084,2.462158,33335.66,0.0,0.0,7.289444,3.07
2023-12-27 04:00:00+00:00,61.0,6.655833,4.5250225,33356.766,5.2,14.0,16.1198,1.8
2023-12-28 04:00:00+00:00,65.0,9.699584,7.1667886,33382.04,40.1,21.0,23.828083,1.93
2023-12-29 04:00:00+00:00,51.0,9.322499,7.08296,33411.41,0.4,3.0,18.1041,7.12
2023-12-30 04:00:00+00:00,51.0,5.12875,0.84962815,33444.797,0.1,1.0,26.6327,5.23
2023-12-31 04:00:00+00:00,3.0,2.5766664,-1.3277572,33482.117,0.0,0.0,15.905319,5.03
2024-01-01 04:00:00+00:00,3.0,3.2995834,-0.13133074,33523.28,0.0,0.0,14.345898,4.77
2024-01-02 04:00:00+00:00,0.0,-0.22749998,-4.4035406,33568.21,0.0,0.0,13.708391,9.0
2024-01-03 04:00:00+00:00,3.0,1.2245831,-2.739668,33616.824,0.0,0.0,14.4,8.36
2024-01-04 04:00:00+00:00,3.0,1.7516669,-3.0189705,33669.03,0.0,0.0,26.867676,6.45
2024-01-05 04:00:00+00:00,1.0,-2.0149996,-6.9576664,33724.746,0.0,0.0,20.497883,9.23
2024-01-06 04:00:00+00:00,75.0,-1.3066666,-5.654054,33783.88,11.0,8.0,29.088802,2.84
2024-01-07 04:00:00+00:00,73.0,1.3016669,-3.2885978,33846.35,7.299999,14.0,27.026386,2.78
2024-01-08 04:00:00+00:00,1.0,1.2308332,-3.1255696,33912.062,0.0,0.0,20.12461,9.35
2024-01-09 04:00:00+00:00,63.0,2.9704168,-1.697893,33980.926,31.5,12.0,57.29544,1.63
2024-01-10 04:00:00+00:00,65.0,8.991249,3.4739316,34052.867,28.2,5.0,48.577324,6.41
2024-01-11 04:00:00+00:00,3.0,4.2745833,-0.3201355,34127.777,0.0,0.0,22.884789,8.88
2024-01-12 04:00:00+00:00,53.0,3.7641666,-0.16084826,34205.58,0.8,2.0,22.077717,8.74
2024-01-13 04:00:00+00:00,63.0,8.87875,3.5623825,34286.49,22.900002,11.0,34.2,5.74
2024-01-14 04:00:00+00:00,71.0,-0.06708324,-6.6785502,34371.34,0.5,3.0,36.376038,7.26
2024-01-15 04:00:00+00:00,73.0,-3.6754162,-8.484508,34460.035,0.8,3.0,11.435313,7.88
2024-01-16 04:00:00+00:00,73.0,-3.00875,-7.819609,34552.4,9.500002,19.0,23.233252,1.51
2024-01-17 04:00:00+00:00,0.0,-6.7191653,-13.047658,34648.25,0.0,0.0,23.828083,10.69
2024-01-18 04:00:00+00:00,71.0,-3.6941662,-8.799363,34747.402,0.3,3.0,17.0763,5.36
2024-01-19 04:00:00+00:00,73.0,-2.6837502,-7.1682935,34849.695,2.7,14.0,16.454008,3.92
2024-01-20 04:00:00+00:00,3.0,-6.3379154,-12.919644,34954.953,0.0,0.0,26.161375,10.24
2024-01-21 04:00:00+00:00,2.0,-5.219167,-11.601645,35063.0,0.0,0.0,23.565569,10.95
2024-01-22 04:00:00+00:00,3.0,-2.69625,-7.7620792,35173.67,0.0,0.0,17.581125,10.48
2024-01-23 04:00:00+00:00,53.0,0.80791664,-3.211601,35286.793,1.7,4.0,18.79255,3.42
2024-01-24 04:00:00+00:00,51.0,2.60375,-0.07735702,35402.215,3.2000005,18.0,10.514218,2.31
2024-01-25 04:00:00+00:00,55.0,8.593333,6.5916104,35519.76,5.5999994,19.0,21.203358,2.04
2024-01-26 04:00:00+00:00,53.0,5.9495845,3.3727052,35639.29,4.6,13.0,15.683776,2.79
2024-01-27 04:00:00+00:00,3.0,5.1245837,2.2200305,35760.625,0.0,0.0,13.039754,6.15
2024-01-28 04:00:00+00:00,63.0,3.14125,-1.0932368,35883.63,21.300005,23.0,28.772987,1.81
2024-01-29 04:00:00+00:00,51.0,2.6933336,-2.276101,36008.15,0.70000005,6.0,27.595825,6.68
2024-01-30 04:00:00+00:00,3.0,0.18916668,-3.9583113,36134.03,0.0,0.0,12.10157,8.88
2024-01-31 04:00:00+00:00,51.0,1.9433333,-1.6489716,36261.137,0.2,2.0,11.212135,4.82
2024-02-01 04:00:00+00:00,51.0,2.0266666,-1.7037401,36389.324,0.6,2.0,19.803272,8.46
2024-02-02 04:00:00+00:00,55.0,3.5475,-0.10574138,36518.88,6.3,15.0,22.608458,2.74
2024-02-03 04:00:00+00:00,1.0,0.91625,-4.535191,36651.027,0.0,0.0,24.187069,12.09
2024-02-04 04:00:00+00:00,0.0,0.67875,-3.8961716,36785.7,0.0,0.0,14.77755,12.44
2024-02-05 04:00:00+00:00,0.0,0.6579167,-4.877919,36922.727,0.0,0.0,28.202042,12.58
2024-02-06 04:00:00+00:00,0.0,-0.5045836,-5.6864305,37061.914,0.0,0.0,19.110542,12.63
2024-02-07 04:00:00+00:00,1.0,1.3370833,-2.8315222,37203.1,0.0,0.0,12.7279215,12.62
2024-02-08 04:00:00+00:00,2.0,1.8954166,-1.5761608,37346.12,0.0,0.0,10.464797,12.52
2024-02-09 04:00:00+00:00,3.0,4.9995832,1.8561163,37490.8,0.0,0.0,14.917212,10.66
2024-02-10 04:00:00+00:00,51.0,8.049584,5.3640494,37636.984,0.1,1.0,16.595179,8.46
2024-02-11 04:00:00+00:00,3.0,6.6162496,3.322253,37784.508,0.0,0.0,15.629971,6.16
2024-02-12 04:00:00+00:00,51.0,3.7266672,0.42608556,37933.22,0.1,1.0,11.298495,11.68
2024-02-13 04:00:00+00:00,75.0,0.69750005,-4.2107325,38082.965,27.699999,14.0,25.620771,7.02
2024-02-14 04:00:00+00:00,2.0,-2.1545832,-8.081401,38233.598,0.0,0.0,25.683926,14.97
2024-02-15 04:00:00+00:00,71.0,-1.2170832,-6.383717,38384.965,0.2,1.0,22.26768,12.6
2024-02-16 04:00:00+00:00,3.0,1.0641668,-4.7869973,38536.926,0.0,0.0,31.205997,14.84
2024-02-17 04:00:00+00:00,75.0,-1.19625,-5.761625,38689.344,5.9,14.0,21.734581,12.4
2024-02-18 04:00:00+00:00,0.0,-2.1525,-7.733048,38842.066,0.0,0.0,29.363731,15.31
2024-02-19 04:00:00+00:00,0.0,-0.57125,-5.6243844,38994.973,0.0,0.0,20.808498,15.61
2024-02-20 04:00:00+00:00,0.0,-2.917083,-7.4993224,39147.918,0.0,0.0,13.1041975,15.62
2024-02-21 04:00:00+00:00,3.0,-1.3733333,-5.6565976,39300.773,0.0,0.0,15.021105,11.09
2024-02-22 04:00:00+00:00,51.0,0.8016667,-3.0493176,39453.832,0.3,3.0,19.826164,13.31
2024-02-23 04:00:00+00:00,53.0,4.2912498,1.5372825,39608.34,3.1,10.0,12.783802,6.24
2024-02-24 04:00:00+00:00,3.0,2.0287502,-3.2541373,39764.258,0.0,0.0,21.437386,13.0
2024-02-25 04:00:00+00:00,1.0,-2.4337494,-6.8939815,39921.47,0.0,0.0,16.171976,16.5
2024-02-26 04:00:00+00:00,75.0,3.1308334,-0.5535083,40079.82,2.8999999,2.0,13.493999,13.94
2024-02-27 04:00:00+00:00,61.0,7.4370837,4.2099347,40239.195,3.8,4.0,26.121714,14.37
2024-02-28 04:00:00+00:00,63.0,13.416248,10.695548,40399.465,15.700001,19.0,34.152596,5.98
2024-02-29 04:00:00+00:00,51.0,0.79750013,-5.493811,40560.496,0.1,1.0,30.652895,12.62
2024-03-01 04:00:00+00:00,3.0,0.5725,-3.8511808,40722.18,0.0,0.0,20.275385,16.78
2024-03-02 04:00:00+00:00,63.0,6.3954167,3.599226,40884.38,28.099997,16.0,26.476522,2.14
2024-03-03 04:00:00+00:00,3.0,11.355834,9.207749,41046.977,0.0,0.0,15.7908325,16.64
2024-03-04 04:00:00+00:00,3.0,7.964166,5.2232714,41209.86,0.0,0.0,21.767351,12.96
2024-03-05 04:00:00+00:00,63.0,6.287083,3.4038162,41372.906,20.300001,15.0,20.111729,2.16
2024-03-06 04:00:00+00:00,65.0,6.912084,4.562066,41536.0,33.2,10.0,20.633371,3.81
2024-03-07 04:00:00+00:00,53.0,9.476666,5.3169146,41699.027,3.5000002,9.0,28.019936,6.51
2024-03-08 04:00:00+00:00,2.0,5.793333,1.8381596,41861.867,0.0,0.0,21.647945,18.11
2024-03-09 04:00:00+00:00,65.0,5.039166,0.439773,42024.414,28.7,11.0,33.48774,2.57
2024-03-10 04:00:00+00:00,65.0,7.030834,2.1977775,42186.55,20.900003,9.0,30.563978,9.96
2024-03-11 04:00:00+00:00,3.0,4.81,-2.568077,42348.156,0.0,0.0,45.9448,17.88
2024-03-12 04:00:00+00:00,2.0,9.037084,4.7215896,42509.133,0.0,0.0,21.518847,18.99
2024-03-13 04:00:00+00:00,1.0,8.503751,5.754799,42669.734,0.0,0.0,14.982228,17.45
2024-03-14 04:00:00+00:00,2.0,11.405833,9.180011,42831.113,0.0,0.0,15.807239,18.43
2024-03-15 04:00:00+00:00,53.0,14.709998,11.779862,42993.254,0.8,1.0,24.144165,13.36
2024-03-16 04:00:00+00:00,51.0,9.091249,5.989214,43156.05,0.1,1.0,20.696085,16.46
2024-03-17 04:00:00+00:00,51.0,10.670417,6.3857346,43319.402,0.4,2.0,28.802248,17.24
2024-03-18 04:00:00+00:00,3.0,6.46625,1.3723601,43483.215,0.0,0.0,20.61766,14.91
2024-03-19 04:00:00+00:00,71.0,3.3475,-2.1872377,43647.37,0.5,3.0,27.783045,16.0
2024-03-20 04:00:00+00:00,55.0,5.685,1.1955168,43811.78,2.8,4.0,30.737339,11.88
2024-03-21 04:00:00+00:00,3.0,0.56000006,-5.5679574,43976.336,0.0,0.0,30.282827,19.84
2024-03-22 04:00:00+00:00,3.0,0.66625005,-3.645573,44140.934,0.0,0.0,18.919704,19.92
2024-03-23 04:00:00+00:00,65.0,5.530833,1.5958923,44305.48,63.6,15.0,33.2781,1.42
2024-03-24 04:00:00+00:00,0.0,2.3995836,-3.363664,44469.863,0.0,0.0,33.53415,21.96
2024-03-25 04:00:00+00:00,0.0,3.8162498,-0.9581358,44633.98,0.0,0.0,22.065973,21.77
2024-03-26 04:00:00+00:00,3.0,5.376667,1.2821016,44797.74,0.0,0.0,18.847641,12.33
2024-03-27 04:00:00+00:00,53.0,7.2225003,5.0490785,44961.02,0.6,1.0,11.177405,6.2
2024-03-28 04:00:00+00:00,63.0,8.255834,6.146561,45123.73,21.5,24.0,18.532133,4.16
2024-03-29 04:00:00+00:00,51.0,7.1974998,0.9256914,45285.75,0.4,2.0,34.488674,21.45
2024-03-30 04:00:00+00:00,51.0,7.8870845,3.0236905,45446.984,0.1,1.0,24.26998,20.16
2024-03-31 04:00:00+00:00,51.0,10.249583,6.6944213,45607.316,0.2,1.0,20.291357,20.39
2024-04-01 04:00:00+00:00,53.0,8.230832,5.9958987,45766.64,3.3,8.0,13.246826,7.28
2024-04-02 04:00:00+00:00,63.0,7.1058335,4.1592,45925.2,18.999998,16.0,20.730501,3.24
2024-04-03 04:00:00+00:00,63.0,5.5329165,0.06185764,46084.074,25.599998,19.0,39.76656,3.95
2024-04-04 04:00:00+00:00,63.0,5.4495835,0.6787805,46243.254,9.100001,9.0,38.816612,11.54
2024-04-05 04:00:00+00:00,3.0,5.201667,0.08674999,46402.637,0.0,0.0,28.503725,17.52
2024-04-06 04:00:00+00:00,51.0,6.6474996,1.5167217,46562.12,0.2,2.0,27.943512,13.9
2024-04-07 04:00:00+00:00,51.0,6.9162507,2.5184615,46721.61,0.1,1.0,24.1388,17.12
2024-04-08 04:00:00+00:00,53.0,8.6745825,5.9864655,46880.992,1.0,3.0,14.154915,21.24
2024-04-09 04:00:00+00:00,2.0,13.8975,11.978634,47040.18,0.0,0.0,18.228943,23.07
2024-04-10 04:00:00+00:00,53.0,11.951668,10.087049,47199.047,0.6,2.0,16.563911,14.76
2024-04-11 04:00:00+00:00,61.0,12.224583,10.008202,47357.496,6.5,12.0,29.354902,11.29
2024-04-12 04:00:00+00:00,63.0,15.332913,11.513896,47515.426,14.9,12.0,39.04797,14.35
2024-04-13 04:00:00+00:00,53.0,9.41625,3.8389711,47672.715,2.0,8.0,35.33506,5.99
2024-04-14 04:00:00+00:00,53.0,13.976668,9.890679,47829.25,0.90000004,2.0,23.770906,20.42
2024-04-15 04:00:00+00:00,1.0,17.955832,15.954743,47984.926,0.0,0.0,24.64094,21.59
2024-04-16 04:00:00+00:00,0.0,14.076668,11.089091,48139.61,0.0,0.0,18.472595,25.52
2024-04-17 04:00:00+00:00,53.0,10.447501,7.455378,48293.2,3.0000002,7.0,18.440998,13.53
2024-04-18 04:00:00+00:00,63.0,8.345415,4.6467357,48445.56,6.199999,13.0,24.967497,7.67
2024-04-19 04:00:00+00:00,3.0,8.337085,5.495767,48596.57,0.0,0.0,20.3774,20.23
2024-04-20 04:00:00+00:00,53.0,12.666249,9.735852,48746.105,2.3,6.0,28.802248,19.52
2024-04-21 04:00:00+00:00,3.0,7.41625,2.9835453,48894.03,0.0,0.0,23.042812,15.82
2024-04-22 04:00:00+00:00,1.0,8.46,4.905549,49040.58,0.0,0.0,16.992609,26.29
2024-04-23 04:00:00+00:00,3.0,9.039168,5.195493,49186.78,0.0,0.0,27.811018,26.48
2024-04-24 04:00:00+00:00,61.0,13.251666,10.017653,49332.62,1.6,1.0,31.981293,21.48
2024-04-25 04:00:00+00:00,1.0,7.445417,3.3898675,49477.99,0.0,0.0,22.007162,24.24
2024-04-26 04:00:00+00:00,2.0,7.7954164,4.8034883,49622.777,0.0,0.0,19.191748,24.34
2024-04-27 04:00:00+00:00,51.0,8.8308325,5.243411,49766.863,0.3,1.0,27.103,21.53
2024-04-28 04:00:00+00:00,51.0,15.085,14.44917,49910.137,0.6,2.0,16.311613,24.5
2024-04-29 04:00:00+00:00,61.0,19.605833,20.6532,50052.477,3.4,4.0,15.484185,23.17
2024-04-30 04:00:00+00:00,55.0,15.230831,14.328193,50193.758,2.2,2.0,14.578888,19.01
2024-05-01 04:00:00+00:00,53.0,15.180833,14.46407,50333.867,1.5000001,4.0,19.829433,21.93
2024-05-02 04:00:00+00:00,3.0,18.128748,17.196583,50472.664,0.0,0.0,22.66857,23.0
2024-05-03 04:00:00+00:00,3.0,13.357917,11.022576,50610.03,0.0,0.0,19.228851,21.27
2024-05-04 04:00:00+00:00,3.0,11.318334,9.025203,50745.824,0.0,0.0,21.203358,16.15
2024-05-05 04:00:00+00:00,61.0,,,50879.92,,12.0,23.675303,
